Author,Gender,Date,Post Text,Likes,Comments,Shares,Page Link
George Imafidon,Male,2023-09-27,FROM PECKHAM TO THE PALACE!!ğŸ–ï¸ Swung by Windsor Castle to pick up an MBE for services to young people and STEM through Motivez ğŸ‘‘This one is for US!! â¤ï¸ğŸ™ğŸ¾The marathon continues ğŸ #TheKidFromPeckham #MotivezMindset #GodDid #STEM,3313,345,36,https://www.linkedin.com/search/results/content/?fromMember=%5B%22ACoAABT8qLUBnXxI7bgptgkBdCqFh87WJuzBa_8%22%5D&heroEntityKey=urn%3Ali%3Afsd_profile%3AACoAABT8qLUBnXxI7bgptgkBdCqFh87WJuzBa_8&keywords=george%20imafidon%20mbe&origin=CLUSTER_EXPANSION&position=0&searchId=0f5ef151-d99e-4b8c-a14b-4b1678762f1b&sid=DxW&sortBy=%22date_posted%22
George Imafidon,Male,2023-05-27,"George Imafidon MBE for services to young people and STEM!!ğŸ–ï¸ğŸ¤¯  This is for that little kid in Peckham and all the young people out there having to overcome countless barriers.Who would have thought that first bike at 9 years old would inspire all I do today as a humanitarian engineer ğŸš²ğŸ‘¨ğŸ¾â€ğŸ’»I want to say a massive thank you to whoever nominated me, family, friends, mentors and all of you for constantly putting your trust in us and supporting all the work at Motivez over these past 8 years ğŸ‰Thereâ€™s still A LOT of work for us all to do to break down barriers to STEM careers, and support young people from underserved backgrounds to become the next innovators - the focus for our next 8 years and beyond. Serving our way to top. â¤ï¸The marathon continues ğŸ#TheKidFromPeckham #MotivezMindset #YoungEngineerOfTheYear #STEM #MBE",2028,438,36,https://www.linkedin.com/search/results/content/?fromMember=%5B%22ACoAABT8qLUBnXxI7bgptgkBdCqFh87WJuzBa_8%22%5D&heroEntityKey=urn%3Ali%3Afsd_profile%3AACoAABT8qLUBnXxI7bgptgkBdCqFh87WJuzBa_8&keywords=george%20imafidon%20mbe&origin=CLUSTER_EXPANSION&position=0&searchId=0f5ef151-d99e-4b8c-a14b-4b1678762f1b&sid=DxW&sortBy=%22date_posted%22
George Imafidon,Male,2023-05-27,"WE JUST SECURED FUNDING FROM BEYONCÃ‰!! ğŸğŸ¥³Over the last weekend, Motivez was chosen out of 400 amazing organisations by the BeyGOOD Foundation to support more young people to access STEM jobs! ğŸš€ We stepped into the room to celebrate the community of Black entrepreneurs and social Impact leaders over lunch and left surprised with a $10,000 cheque! ğŸ’° BeyoncÃ© has since donated $2 million from her Renaissance tour to make all this happen. This is what it looks like to keep the ladder down ğŸ’¯ The funding will build on the impact of our employability programmes, like Application Season, to create more free resources and support for our young people hunting for their dream jobs ğŸš€ Massive thank you to the Carter-Knowles family Mathew Knowles, Ivy McGregor, MSDUK and everyone supporting us for making this possible! â¤ï¸The marathon continues! ğŸ#TheKidFromPeckham #MotivezMindset #BeyGoodÂ #STEM",1992,319,36,https://www.linkedin.com/search/results/content/?fromMember=%5B%22ACoAABT8qLUBnXxI7bgptgkBdCqFh87WJuzBa_8%22%5D&heroEntityKey=urn%3Ali%3Afsd_profile%3AACoAABT8qLUBnXxI7bgptgkBdCqFh87WJuzBa_8&keywords=george%20imafidon%20mbe&origin=CLUSTER_EXPANSION&position=0&searchId=0f5ef151-d99e-4b8c-a14b-4b1678762f1b&sid=DxW&sortBy=%22date_posted%22
George Imafidon,Male,2023-10-27,"Iâ€™ve just been told that an Underground Station has been renamed after me for National Engineering Day! ğŸ¤¯ğŸ‰One of my first-ever engineering work experiences was actually at TFLâ€¦ Harrison Ofoma took a chance on me and exposed me to the transport world that set me up for all I do now shaping the future of Sustainable Motorsport with Lewis Hamiltonâ€™s electric racing team, TEAM X44  and Prodrive ğŸï¸âš¡ï¸ Engineers have been behind this type of work, improving everyday lives, for generations, so Iâ€™m grateful to be listed as one of the Engineering Icons shaping tomorrow! ğŸš€You can view the map online on the TfL website and in-person at the London Transport Museum - Iâ€™m at North Wembley station ğŸšŠA massive thank you to the team at Royal Academy of Engineering and Transport for London for the recognition ğŸ’™ The marathon continues ğŸ #TheKidFromPeckham #NationalEngineeringDay #STEM",1935,228,37,https://www.linkedin.com/search/results/content/?fromMember=%5B%22ACoAABT8qLUBnXxI7bgptgkBdCqFh87WJuzBa_8%22%5D&heroEntityKey=urn%3Ali%3Afsd_profile%3AACoAABT8qLUBnXxI7bgptgkBdCqFh87WJuzBa_8&keywords=george%20imafidon%20mbe&origin=CLUSTER_EXPANSION&position=0&searchId=0f5ef151-d99e-4b8c-a14b-4b1678762f1b&sid=DxW&sortBy=%22date_posted%22
George Imafidon,Male,2023-06-27,Iâ€™m happy to share that Iâ€™ve been promoted to Race Engineer for Lewis Hamilton's X44 Vida Carbon Racing team! ğŸ âš¡ï¸ Grateful for the opportunity to step up for Season 3 and inspire many more young people to keep dreaming and pursue those STEM careers ğŸ™ğŸ¾#TheKidFromPeckham #MotivezMindset #YoungEngineerOfTheYear #STEM,1667,253,18,https://www.linkedin.com/search/results/content/?fromMember=%5B%22ACoAABT8qLUBnXxI7bgptgkBdCqFh87WJuzBa_8%22%5D&heroEntityKey=urn%3Ali%3Afsd_profile%3AACoAABT8qLUBnXxI7bgptgkBdCqFh87WJuzBa_8&keywords=george%20imafidon%20mbe&origin=CLUSTER_EXPANSION&position=0&searchId=0f5ef151-d99e-4b8c-a14b-4b1678762f1b&sid=DxW&sortBy=%22date_posted%22
George Imafidon,Male,2024-03-27,"Iâ€™m excited to finally announceâ€¦that I just got into the Harvard Business School! ğŸ‰ â€¦the business school BUILDING!They let me inside!I asked the security guard politely and he said yes. Donâ€™t give up on your dreams ğŸ™ğŸ¾ğŸ˜…If you were looking for the REAL announcement, donâ€™t worry thatâ€™s coming tomorrow ğŸ˜‰ğŸ‘€Donâ€™t take life too seriously and happy Monday! âœŒğŸ¾#TheKidFromPeckham #Boston #ItsNotEasy #Troll",1242,108,7,https://www.linkedin.com/search/results/content/?fromMember=%5B%22ACoAABT8qLUBnXxI7bgptgkBdCqFh87WJuzBa_8%22%5D&heroEntityKey=urn%3Ali%3Afsd_profile%3AACoAABT8qLUBnXxI7bgptgkBdCqFh87WJuzBa_8&keywords=george%20imafidon%20mbe&origin=CLUSTER_EXPANSION&position=0&searchId=0f5ef151-d99e-4b8c-a14b-4b1678762f1b&sid=DxW&sortBy=%22date_posted%22
George Imafidon,Male,2023-08-27,"Huge thanks to both Foundervine and Lloyds Banking Group for the recognition. Chuffed to have won the inaugural â€˜Changemaker of the Year Awardâ€™!! ğŸ¤¯ğŸ™ŒğŸ¾ğŸ†As the most prestigious award of the night, this honour acknowledges an individual that has made a transformative and lasting impact on their community, industry, or society at large ğŸŒ To truly transform anything, it takes a village. I want to honour my INCREDIBLE community and team over at Motivez, as we continue to make STEM careers more accessible for thousands of young people ğŸš€ These moments are only possible because of all of you that support the mission, so THANK YOU, and God for continuing to use me ğŸ™ğŸ¾Letâ€™s keep serving our way to top! â¤ï¸The marathon continues! ğŸ#TheKidFromPeckham #MotivezMindset #STEM #Purpose",1076,196,12,https://www.linkedin.com/search/results/content/?fromMember=%5B%22ACoAABT8qLUBnXxI7bgptgkBdCqFh87WJuzBa_8%22%5D&heroEntityKey=urn%3Ali%3Afsd_profile%3AACoAABT8qLUBnXxI7bgptgkBdCqFh87WJuzBa_8&keywords=george%20imafidon%20mbe&origin=CLUSTER_EXPANSION&position=0&searchId=0f5ef151-d99e-4b8c-a14b-4b1678762f1b&sid=DxW&sortBy=%22date_posted%22
George Imafidon,Male,2024-03-27,"ITâ€™S OFFICIAL!! ğŸš€Iâ€™ve joined the Corporate Advisory Board of the Hult International Business School!! ğŸ‰   As a humanitarian engineer, Iâ€™ll be supporting the executive board and 4,500+ students in expanding the $180m non-profit organisation whilst developing the schoolâ€™s curriculum, industry links and career development support so all the students can make a real impact in STEM and beyond ğŸ™ŒğŸ¾Looking forward to meeting some more students as I visit the campusâ€™s across 3 continents including Boston, London, San Francisco and Dubai ğŸŒItâ€™s so important to me to be a voice for the many that feel unseen and drive the change that we need the most in our institutions. God is GOOD and when itâ€™s your time, itâ€™s your time! ğŸ™ğŸ¾The marathon continues ğŸ  #TheKidFromPeckham #MotivezMindset #STEM #TheRealAnnouncement #NewRole",1054,168,10,https://www.linkedin.com/search/results/content/?fromMember=%5B%22ACoAABT8qLUBnXxI7bgptgkBdCqFh87WJuzBa_8%22%5D&heroEntityKey=urn%3Ali%3Afsd_profile%3AACoAABT8qLUBnXxI7bgptgkBdCqFh87WJuzBa_8&keywords=george%20imafidon%20mbe&origin=CLUSTER_EXPANSION&position=0&searchId=0f5ef151-d99e-4b8c-a14b-4b1678762f1b&sid=DxW&sortBy=%22date_posted%22
George Imafidon,Male,2023-10-27,"WE WON!!! ğŸ†ğŸ¥³ I was named the Entrepreneur Rising Star of the Year by Barclays and The Black British Business Awards for our work at Motivez! ğŸ‰Combining the engineering journey with entrepreneurship hasnâ€™t always been easy ğŸ˜¬However, finding innovative ways to train thousands of underserved young people break into the STEM space, alongside connecting organisations with the diverse and skilled talent has been nothing short of purpose-driven ğŸ™ğŸ¾Iâ€™m forever grateful to all of you who have supported the Motivez journey and continue to inspire me â¤ï¸ğŸš€ The marathon continues ğŸ#TheKidFromPeckham #MotivezMindset #STEM #BBBAwards",1020,152,14,https://www.linkedin.com/search/results/content/?fromMember=%5B%22ACoAABT8qLUBnXxI7bgptgkBdCqFh87WJuzBa_8%22%5D&heroEntityKey=urn%3Ali%3Afsd_profile%3AACoAABT8qLUBnXxI7bgptgkBdCqFh87WJuzBa_8&keywords=george%20imafidon%20mbe&origin=CLUSTER_EXPANSION&position=0&searchId=0f5ef151-d99e-4b8c-a14b-4b1678762f1b&sid=DxW&sortBy=%22date_posted%22
George Imafidon,Male,2024-04-23,"WE DID IT! Completed the 2024 LONDON MARATHON with 42.2km in the bag!! âœ…ğŸ…I finally beat my record by 43 mins with a 4:00:00!! ğŸ¤¯ Does that class as a sub-four? ğŸ˜… This year, I decided to run to support 60 local kids in South London with a STEM community programme ğŸš€ You can still support by VOTING for Motivez (Sustainable Southwark) and sharing with the link in the first comment - it takes 5 seconds!ğŸ‘‡ğŸ¾Canâ€™t thank my Nov Run Club family, friends, fellow runners and the crowd enough for coming out with the good vibes and keeping me going â¤ï¸ğŸ‘ğŸ¾Iâ€™ll be wearing this medal for the rest of the month, respectfully ğŸ˜ŒThe marathon continues  ğŸ #TheKidFromPeckham #MotivezMindset #LondonMarathon2024 #Running #STEM",998,135,3,https://www.linkedin.com/search/results/content/?fromMember=%5B%22ACoAABT8qLUBnXxI7bgptgkBdCqFh87WJuzBa_8%22%5D&heroEntityKey=urn%3Ali%3Afsd_profile%3AACoAABT8qLUBnXxI7bgptgkBdCqFh87WJuzBa_8&keywords=george%20imafidon%20mbe&origin=CLUSTER_EXPANSION&position=0&searchId=0f5ef151-d99e-4b8c-a14b-4b1678762f1b&sid=DxW&sortBy=%22date_posted%22
George Imafidon,Male,2023-08-27,"Grateful to be recognised by The Black British Business Awards and Barclays as one of the rising entrepreneurs in the UK! ğŸ†When I first started shaping my career, I knew I had a big challenge ahead of me combining purpose, entrepreneurship, and engineering.Fast forward almost a decade later, and staying true to that vision has helped thousands of young people to break into the STEM space ğŸ‘©â€ğŸ’» Iâ€™m thankful to everyone who has supported the Motivez journey over these past 8 years ğŸš€ Entrepreneurs and engineers can come from anywhere - and they look like us ğŸ’ªğŸ¾Looking forward to the finals in October and wishing good luck to all the incredible nominees!The marathon continues ğŸ#TheKidFromPeckham #MotivezMindset #STEM",849,113,8,https://www.linkedin.com/search/results/content/?fromMember=%5B%22ACoAABT8qLUBnXxI7bgptgkBdCqFh87WJuzBa_8%22%5D&heroEntityKey=urn%3Ali%3Afsd_profile%3AACoAABT8qLUBnXxI7bgptgkBdCqFh87WJuzBa_8&keywords=george%20imafidon%20mbe&origin=CLUSTER_EXPANSION&position=0&searchId=0f5ef151-d99e-4b8c-a14b-4b1678762f1b&sid=DxW&sortBy=%22date_posted%22
George Imafidon,Male,2023-04-27,"WE DID IT! Completed my 1st LONDON MARATHON with 42.2km in the bag!! âœ…ğŸ…The journey was TOUGH from start to finish. From enjoying far too much pounded yam and jollof (the real one) in Nigeria ğŸ‡³ğŸ‡¬, to falling pretty ill RIGHT BEFORE marathon day, I stepped into this marathon with one goal in mind - just get it done ğŸThankfully the first half was comfortable, but the 2nd half is where is all started going left. From missing re-fuel stops and cramps kicking in, there were definitely some points I thought I was a goner ğŸ˜… Canâ€™t thank my Nov Run Club family, friends and the crowd enough for coming out with the good vibes and keeping me going â¤ï¸ğŸ‘ğŸ¾As a result, I will definitely be wearing this medal for the next MONTH, respectfully ğŸ˜ŒWe may have finished this marathon, but the real marathon continues ğŸ #TheKidFromPeckham #MotivezMindset #LondonMarathon #Running",813,118,2,https://www.linkedin.com/search/results/content/?fromMember=%5B%22ACoAABT8qLUBnXxI7bgptgkBdCqFh87WJuzBa_8%22%5D&heroEntityKey=urn%3Ali%3Afsd_profile%3AACoAABT8qLUBnXxI7bgptgkBdCqFh87WJuzBa_8&keywords=george%20imafidon%20mbe&origin=CLUSTER_EXPANSION&position=0&searchId=0f5ef151-d99e-4b8c-a14b-4b1678762f1b&sid=DxW&sortBy=%22date_posted%22
George Imafidon,Male,2024-03-27,"Itâ€™s my birthday! ğŸ‰ğŸ‰Feeling blessed to celebrate this new chapter in Jamaica! ğŸ‡¯ğŸ‡² Grateful to God for the man Iâ€™m becoming and the lives I get to impact â¤ï¸Â Itâ€™s been a blessing to see this mission of â€˜making STEM sexyâ€™ unfold whilst bringing my love for serving and motorsport together as a humanitarian engineer - just look at everything weâ€™ve achieved in such a short time!!ğŸï¸ ğŸŒ ğŸ¤¯ Â I hope I have, in some small way, helped you to keep up the hope ğŸ™ğŸ¾Â I know that kid from Peckham would be smiling from ear to ear right now because weâ€™ve come a LONG wayâ€¦ Â The marathon continues ğŸ Â #TheKidFromPeckham #BirthdayMonth",722,128,3,https://www.linkedin.com/search/results/content/?fromMember=%5B%22ACoAABT8qLUBnXxI7bgptgkBdCqFh87WJuzBa_8%22%5D&heroEntityKey=urn%3Ali%3Afsd_profile%3AACoAABT8qLUBnXxI7bgptgkBdCqFh87WJuzBa_8&keywords=george%20imafidon%20mbe&origin=CLUSTER_EXPANSION&position=0&searchId=0f5ef151-d99e-4b8c-a14b-4b1678762f1b&sid=DxW&sortBy=%22date_posted%22
George Imafidon,Male,2023-10-27,"Popped over to Downing St. yesterday to celebrate Black History Month ğŸ‘ŒğŸ¾Randomly bumped into a young lady that joined the Motivez Application Season programme when we first launched it back in 2020!She spoke about it how it changed her life back in COVID - and how she went from feeling lost with no guidance to an internship at Lazard to landing her dream placement at Unilever ğŸ‘ğŸ¾ Itâ€™s always been about creating priceless moments like these! â¤ï¸If you know anyone else like her still looking to get those dream jobs in STEM and beyond, tell them to sign up to the FREE Application Season Programme - 50% of the spaces are already gone and the deadline is this SUNDAY ğŸš€ - link in first comment! ğŸ‘‡ğŸ¾ The marathon continues ğŸ™ğŸ¾#TheKidFromPeckham #MotivezMindset #ApplicationSeason #DayInALife",715,43,15,https://www.linkedin.com/search/results/content/?fromMember=%5B%22ACoAABT8qLUBnXxI7bgptgkBdCqFh87WJuzBa_8%22%5D&heroEntityKey=urn%3Ali%3Afsd_profile%3AACoAABT8qLUBnXxI7bgptgkBdCqFh87WJuzBa_8&keywords=george%20imafidon%20mbe&origin=CLUSTER_EXPANSION&position=0&searchId=0f5ef151-d99e-4b8c-a14b-4b1678762f1b&sid=DxW&sortBy=%22date_posted%22
George Imafidon,Male,2023-11-27,"Allow me to re-introduce myself! ğŸ‘€My LinkedIn community has grown a lot over the past few months, hereâ€™s a re-introductionÂ - especially to those of you who are new.ğŸ‘‹ğŸ¾ Hi, Iâ€™m George! Iâ€™m a humanitarian engineer, entreprenuer and speaker passionate about making STEM roles more accessible to ALL young people and building more purposeful leaders. ğŸ”§ From age 7, I became pretty obsessed with building things. I grew up fixing the bikes of my friends in my local community in Peckham, South London, and since then Iâ€™ve been creating solutions for underserved communities and worked around the world firms such as Google, McKinsey & Company, Prodrive and Rolls-Royce where, through designing a novel component, I managed to save them over Â£50 million.â“ I co-founded Motivez alongside Muizz and over the last 8 years our company has directly trained and supported 9,000+ young people to access entry-level STEM jobs. We work with some of the worldâ€™s biggest brands on our grassroots, employability and advocacy programmes and have been backed by the likes of Idris Elba, BeyoncÃ© and most recently The Royal Family with funding and an MBE for services to STEM and young people. ğŸï¸ I eventually traded working on the two wheels for the four wheels, and now work as a Race Engineer for Lewis Hamiltonâ€™s electric race team, TEAM X44.ğŸŒ Iâ€™ve been working on sustainable solutions to the worldâ€™s most pressing challenges through engineering and tech for over a decade. ğŸ¤ My roles extend to the governance level after joining Lewis Hamilton in 2020 on the Board of The Hamilton Commission to improve representation in STEM and becoming a trustee for the Co-op Foundation. Itâ€™s been a privilege to raise and distribute millions of pounds for young people.ğŸƒğŸ¾â€â™‚ï¸ You can often find me running and Iâ€™ve done a few marathons to support some amazing causes in the UK and Nigeria ğŸ‡³ğŸ‡¬ ğŸ’¡ Linkedin has been a key platform for me over the years to inspire, share the journey, and send the ladder down through connecting with you all.Thank you all for the warm messages, engagement and constant encouragement. It doesnâ€™t go unnoticed!Now it's your turn! Donâ€™t be a stranger, tell me about yourself, let's explore if we can build together as we plan for 2024 ğŸ˜Š The marathon continues ğŸ#TheKidFromPeckham #MotivezMindset #STEM",699,83,5,https://www.linkedin.com/search/results/content/?fromMember=%5B%22ACoAABT8qLUBnXxI7bgptgkBdCqFh87WJuzBa_8%22%5D&heroEntityKey=urn%3Ali%3Afsd_profile%3AACoAABT8qLUBnXxI7bgptgkBdCqFh87WJuzBa_8&keywords=george%20imafidon%20mbe&origin=CLUSTER_EXPANSION&position=0&searchId=0f5ef151-d99e-4b8c-a14b-4b1678762f1b&sid=DxW&sortBy=%22date_posted%22
George Imafidon,Male,2023-06-27,"A huge thank you to HSBC UK and UKBBS for the recognition of Top Black Entrepreneurs to Watch this year!! ğŸ†Forever grateful to my team and every one of you thatâ€™s supported the Motivez journey over the last 8 years â¤ï¸Hopefully I can inspire many others to know that they belong in the STEM space too - entrepreneurs, engineers and technologists can come from anywhere, and they look like us ğŸ’ªğŸ¾Check out the full list on UK Black Business Show website ğŸ—ï¸ The marathon continues ğŸ#TheKidFromPeckham #MotivezMindset #STEM #Entrepreneurship #GodDid",682,85,11,https://www.linkedin.com/search/results/content/?fromMember=%5B%22ACoAABT8qLUBnXxI7bgptgkBdCqFh87WJuzBa_8%22%5D&heroEntityKey=urn%3Ali%3Afsd_profile%3AACoAABT8qLUBnXxI7bgptgkBdCqFh87WJuzBa_8&keywords=george%20imafidon%20mbe&origin=CLUSTER_EXPANSION&position=0&searchId=0f5ef151-d99e-4b8c-a14b-4b1678762f1b&sid=DxW&sortBy=%22date_posted%22
George Imafidon,Male,2023-07-27,"WE DID ITT!! â€œThe BEST conference The Amos Bursary has ever hadâ€! âœ… ğŸ‰ When I became an AB Scholar in 2014 and attended the first summer conference, I could have never imagined what we could all achieve together ğŸ’­ One of my dreams to give back was that one day Iâ€™d be able to create that same experience for hundreds of other young people â¤ï¸9+ years later, Isaiah and I co-curated this years conference with a phenomenal team! The theme was: â€˜DISRUPTION: Steps for Radical Changeâ€™ ğŸš€ğŸ™ŒğŸ¾We assembled some of the best disrupters across the UK to share their invaluable insights on how we can make a greater impact in our respective industries ğŸ’From the whole AB family, I want to say a massive thank you for being part of life-changing experience. Forever grateful for your time and I canâ€™t wait to see the impact you all go onto make.Special S/O to our phenomenal guest speakers Valerie Amos, Sara Rankin, Lavinya Stennett FRSA, Sophia Thakur, Courtney Daniella Boateng & RenÃ©e Kapuku, Kenny Imafidon, Hannah Awonuga, Tom Hulme, Lex Fefegha, Wilfrid Obeng, Joseph Zeal Henry and Clint 419 ğŸ”¥ The MARATHON continues ğŸ#TheKidFromPeckham #MotivezMindset #Disruption #ABConference2023 #STEM",644,77,21,https://www.linkedin.com/search/results/content/?fromMember=%5B%22ACoAABT8qLUBnXxI7bgptgkBdCqFh87WJuzBa_8%22%5D&heroEntityKey=urn%3Ali%3Afsd_profile%3AACoAABT8qLUBnXxI7bgptgkBdCqFh87WJuzBa_8&keywords=george%20imafidon%20mbe&origin=CLUSTER_EXPANSION&position=0&searchId=0f5ef151-d99e-4b8c-a14b-4b1678762f1b&sid=DxW&sortBy=%22date_posted%22
George Imafidon,Male,2023-08-27,"I just delivered the Commencement Speech at the Graduation Ceremony for the Hult International Business School Postgrads! ğŸ‰ğŸ“It was a blessing to speak to 900+ graduates and guests from 60+ countries about finding purpose through serving their way to the top in their respective fields ğŸš€ Itâ€™s something Iâ€™ve personally been able to find throughout the Motivez journey and my mission as a humanitarian engineer ğŸŒ Massive congrats to the CLASS OF 2023 and I hope you all press on with purpose in this new beginning ğŸ™ŒğŸ¾â€œWhat people say about you when you leave, is a testament to the legacy you leave behind!â€ ğŸ™ğŸ¾The marathon continues ğŸ P.S. Honorary doctorate on the way ğŸ‘¨ğŸ¾â€ğŸ“ğŸ‘€#TheKidFromPeckham #MotivezMindset #Graduation #Speaking",569,61,7,https://www.linkedin.com/search/results/content/?fromMember=%5B%22ACoAABT8qLUBnXxI7bgptgkBdCqFh87WJuzBa_8%22%5D&heroEntityKey=urn%3Ali%3Afsd_profile%3AACoAABT8qLUBnXxI7bgptgkBdCqFh87WJuzBa_8&keywords=george%20imafidon%20mbe&origin=CLUSTER_EXPANSION&position=0&searchId=0f5ef151-d99e-4b8c-a14b-4b1678762f1b&sid=DxW&sortBy=%22date_posted%22
George Imafidon,Male,2023-09-27,All it takes is ONE opportunity to turn things around!! ğŸ†ğŸ¾Youâ€™ll always have more losses than wins - it comes with the territory. Donâ€™t give up in the middle ğŸ™ğŸ¾The marathon continues ğŸ #TheKidFromPeckham #MotivezMindset #SustainableMotorsport,546,36,6,https://www.linkedin.com/search/results/content/?fromMember=%5B%22ACoAABT8qLUBnXxI7bgptgkBdCqFh87WJuzBa_8%22%5D&heroEntityKey=urn%3Ali%3Afsd_profile%3AACoAABT8qLUBnXxI7bgptgkBdCqFh87WJuzBa_8&keywords=george%20imafidon%20mbe&origin=CLUSTER_EXPANSION&position=0&searchId=0f5ef151-d99e-4b8c-a14b-4b1678762f1b&sid=DxW&sortBy=%22date_posted%22
George Imafidon,Male,2023-04-27,"MY FIRST RACE WIN AS THE RACE ENGINEER WITH TEAM X44!! ğŸ†ğŸï¸ So much work goes into moments like this, so a huge shoutout to the legendary drivers and team for winning our homecoming race ğŸ‡¬ğŸ‡§ğŸ‘ğŸ¾ This was definitely a rollercoaster weekend and we didnâ€™t get the result we wanted at the end of the double-header but thatâ€™s motorsport - plenty positives and lessons learned ğŸ™ğŸ¾Grateful we could wrap up round 3 on the top step of the podium and get our first trophy for the season in ScotlandğŸ¥‡The Extreme E championship fight is looking tighter than ever with 6 races to go! We go again in Sardinia in a few weeks ğŸ‡®ğŸ‡¹âš¡ï¸ For now, Iâ€™ll be sleeping with these trophies until further notice ğŸ˜…The marathon continues ğŸ#TheKidFromPeckham #MotivezMindset #YoungEngineerOfTheYear #SustainableMotorsport #STEM",505,91,3,https://www.linkedin.com/search/results/content/?fromMember=%5B%22ACoAABT8qLUBnXxI7bgptgkBdCqFh87WJuzBa_8%22%5D&heroEntityKey=urn%3Ali%3Afsd_profile%3AACoAABT8qLUBnXxI7bgptgkBdCqFh87WJuzBa_8&keywords=george%20imafidon%20mbe&origin=CLUSTER_EXPANSION&position=0&searchId=0f5ef151-d99e-4b8c-a14b-4b1678762f1b&sid=DxW&sortBy=%22date_posted%22
George Imafidon,Male,2023-11-27,"From PECKHAM ğŸ‡¬ğŸ‡§ to Chile ğŸ‡¨ğŸ‡±- Iâ€™m off to the Atacama desert this week! âœˆï¸ Over the weekend, weâ€™ll be racing the electric cars in the worlds oldest desert to raise awareness of the climate issues in the area âš¡ï¸Last time I was in South America, I won my  first championship with TEAM X44 in Season 2 ğŸ†ğŸï¸ 13 year old George fixing bikes in Peckham wouldnâ€™t even believe this was a possible! Now weâ€™re normalising it and taking the humanitarian engineer mission all around the world ğŸŒ Forever grateful for times like this ğŸ™ğŸ¾The marathon continues ğŸ #TheKidFromPeckham #MotivezMindset #STEM #RaceEngineering #SustainableMotorsport Extreme E",498,29,1,https://www.linkedin.com/search/results/content/?fromMember=%5B%22ACoAABT8qLUBnXxI7bgptgkBdCqFh87WJuzBa_8%22%5D&heroEntityKey=urn%3Ali%3Afsd_profile%3AACoAABT8qLUBnXxI7bgptgkBdCqFh87WJuzBa_8&keywords=george%20imafidon%20mbe&origin=CLUSTER_EXPANSION&position=0&searchId=0f5ef151-d99e-4b8c-a14b-4b1678762f1b&sid=DxW&sortBy=%22date_posted%22
George Imafidon,Male,2023-09-27,"Weâ€™re in the papers for the RIGHT reasons this time around!! ğŸ™ğŸ¾ğŸ™ŒğŸ¾So proud of you brother Kenny Imafidon! You kept the pen in your hand, and now we can all read your powerful story ğŸ–Šï¸ I wonâ€™t lie, it was an emotional read, but Iâ€™m grateful you never let the tragedy consume you or go to waste. A true champ! â¤ï¸Make sure you donâ€™t miss out, grab your copy today! ğŸ“š The marathon continues ğŸ#TheKidFromPeckham #ThatPeckhamBoy #DayInALife #BlackHistoryMonth",498,30,7,https://www.linkedin.com/search/results/content/?fromMember=%5B%22ACoAABT8qLUBnXxI7bgptgkBdCqFh87WJuzBa_8%22%5D&heroEntityKey=urn%3Ali%3Afsd_profile%3AACoAABT8qLUBnXxI7bgptgkBdCqFh87WJuzBa_8&keywords=george%20imafidon%20mbe&origin=CLUSTER_EXPANSION&position=0&searchId=0f5ef151-d99e-4b8c-a14b-4b1678762f1b&sid=DxW&sortBy=%22date_posted%22
George Imafidon,Male,2023-10-27,"A big thank you to the BBC for featuring Motivez and my unconventional journey into entrepreneurship and race engineering with Lewis Hamiltonâ€™s Team X44 on BBC Radio London today ğŸš€ Engineers can come from anywhere, and they look like us ğŸ’ªğŸ¾Shout out to the team at Royal Academy of Engineering and Transport for London for the recognition ğŸ’™ You can listen to the full broadcast with the link in the first comment ğŸ‘‡ğŸ¾(Timestamp: 7:26)The marathon continues ğŸ#TheKidFromPeckham #MotivezMindset #NationalEngineeringDay #TFL Royal Academy of Engineering",493,41,7,https://www.linkedin.com/search/results/content/?fromMember=%5B%22ACoAABT8qLUBnXxI7bgptgkBdCqFh87WJuzBa_8%22%5D&heroEntityKey=urn%3Ali%3Afsd_profile%3AACoAABT8qLUBnXxI7bgptgkBdCqFh87WJuzBa_8&keywords=george%20imafidon%20mbe&origin=CLUSTER_EXPANSION&position=0&searchId=0f5ef151-d99e-4b8c-a14b-4b1678762f1b&sid=DxW&sortBy=%22date_posted%22
George Imafidon,Male,2023-08-27,"Weâ€™ve finally got our NEW Motivez OFFICE with a bit of character! ğŸ¤©ğŸš€We want the space to be a hub for our young people so weâ€™ll be opening our doors to the community in a few weeks. Stay tuned for the upcoming newsletters ğŸ‘€P.S. If youâ€™re passionate about social impact and developing the next generation of young changemakers in STEM, weâ€™re wrapping up hiring for a few full-time roles this summer! Check out the jobs on the Motivez page and please share with your  network ğŸ™ğŸ¾â¤ï¸The marathon continues ğŸ #TheKidFromPeckham #MotivezMindset #NewOffice #STEM",450,70,4,https://www.linkedin.com/search/results/content/?fromMember=%5B%22ACoAABT8qLUBnXxI7bgptgkBdCqFh87WJuzBa_8%22%5D&heroEntityKey=urn%3Ali%3Afsd_profile%3AACoAABT8qLUBnXxI7bgptgkBdCqFh87WJuzBa_8&keywords=george%20imafidon%20mbe&origin=CLUSTER_EXPANSION&position=0&searchId=0f5ef151-d99e-4b8c-a14b-4b1678762f1b&sid=DxW&sortBy=%22date_posted%22
George Imafidon,Male,2023-07-27,"Guess whoâ€™s hosting an ENGINEERING PODCAST?! ğŸ‘€ğŸ™ï¸ğŸ‰ I recently joined the Queen Elizabeth Prize for Engineering to host the â€˜Create the Futureâ€™ podcast alongside the legendary Roma Agrawal MBE whoâ€™s a force to be reckoned with in the STEM space! ğŸ‘ğŸ¾ Iâ€™m looking forward to facilitating some relatable and fun conversations that humanise engineering for our communities. Over the coming weeks, Iâ€™ll be speaking with some of the worldâ€™s best engineers, thinkers, and designers to debate how our future should look ğŸš€ Any topics that youâ€™re curious to learn more about? Let me know! ğŸ˜Š The first episode is now LIVE and in the comments - hope you enjoy itğŸ‘‡ğŸ¾The marathon continues ğŸ #TheKidFromPeckham #MotivezMindset #YoungEngineerOfTheYear #STEM #Podcast",447,46,8,https://www.linkedin.com/search/results/content/?fromMember=%5B%22ACoAABT8qLUBnXxI7bgptgkBdCqFh87WJuzBa_8%22%5D&heroEntityKey=urn%3Ali%3Afsd_profile%3AACoAABT8qLUBnXxI7bgptgkBdCqFh87WJuzBa_8&keywords=george%20imafidon%20mbe&origin=CLUSTER_EXPANSION&position=0&searchId=0f5ef151-d99e-4b8c-a14b-4b1678762f1b&sid=DxW&sortBy=%22date_posted%22
George Imafidon,Male,2023-09-27,"WEâ€™VE FINALLY WON after 4 unsuccessful races in Sardinia over the past 3 years!! ğŸ†ğŸï¸ğŸ‡®ğŸ‡¹So much work goes into moments like these, so a huge shoutout to the legendary drivers and team that gave it everything ğŸ‘ğŸ¾ Grateful we could end round 8 on the top step and get our 2nd trophy for the season ğŸ™ğŸ¾ğŸ¥‡We go again in Chile in a few weeks! ğŸ‡¨ğŸ‡±âš¡ï¸ The marathon continues ğŸ#TheKidFromPeckham #MotivezMindset #Motorsport",443,65,2,https://www.linkedin.com/search/results/content/?fromMember=%5B%22ACoAABT8qLUBnXxI7bgptgkBdCqFh87WJuzBa_8%22%5D&heroEntityKey=urn%3Ali%3Afsd_profile%3AACoAABT8qLUBnXxI7bgptgkBdCqFh87WJuzBa_8&keywords=george%20imafidon%20mbe&origin=CLUSTER_EXPANSION&position=0&searchId=0f5ef151-d99e-4b8c-a14b-4b1678762f1b&sid=DxW&sortBy=%22date_posted%22
George Imafidon,Male,2023-10-27,"This time last week, I was accepting the award for the Rising Entrepreneur of the Year!! ğŸ‰ğŸ†Huge thank you to Barclays and The Black British Business Awards for the recognition ğŸ™ğŸ¾Letâ€™s keep serving our way to the top ğŸš€The marathon continues ğŸ #TheKidFromPeckham #MotivezMindset #HumanitarianEngineer #STEM",439,51,1,https://www.linkedin.com/search/results/content/?fromMember=%5B%22ACoAABT8qLUBnXxI7bgptgkBdCqFh87WJuzBa_8%22%5D&heroEntityKey=urn%3Ali%3Afsd_profile%3AACoAABT8qLUBnXxI7bgptgkBdCqFh87WJuzBa_8&keywords=george%20imafidon%20mbe&origin=CLUSTER_EXPANSION&position=0&searchId=0f5ef151-d99e-4b8c-a14b-4b1678762f1b&sid=DxW&sortBy=%22date_posted%22
George Imafidon,Male,2023-07-27,"Investing in women in STEM! ğŸš€No better feeling than giving the Motivez community life-changing experiences that we wish we had! ğŸ™ŒğŸ¾Jadyn joined us in Year 12 on our â€˜Application Seasonâ€™ programme, became a Motivez ambassador and itâ€™s been beautiful to see her growth over the years. Sheâ€™s finally wrapped up her A-levels so to celebrate, we gave her the full VIP hospitality experience at the Formula E race ğŸ¤©Priceless moments but itâ€™s giving bring your daughter to work day ğŸ˜‚ğŸï¸ If youâ€™re around at the Formula E race today, let me know!ğŸ‘ŒğŸ¾The marathon continues ğŸ#TheKidFromPeckham #MotivezMindset#SustainableMotorsport #STEM",434,37,3,https://www.linkedin.com/search/results/content/?fromMember=%5B%22ACoAABT8qLUBnXxI7bgptgkBdCqFh87WJuzBa_8%22%5D&heroEntityKey=urn%3Ali%3Afsd_profile%3AACoAABT8qLUBnXxI7bgptgkBdCqFh87WJuzBa_8&keywords=george%20imafidon%20mbe&origin=CLUSTER_EXPANSION&position=0&searchId=0f5ef151-d99e-4b8c-a14b-4b1678762f1b&sid=DxW&sortBy=%22date_posted%22
George Imafidon,Male,2024-03-27,"From PECKHAM ğŸ‡¬ğŸ‡§ to BOSTON ğŸ‡ºğŸ‡¸ - Iâ€™m flying out this week for a little surprise! âœˆï¸ ğŸ‘€Last time I was in the US, it was 5+ years agoâ€¦Iâ€™ll never forget stepping off that Virgin plane and witnessing the strong sense of pride, self-determination and can-do mentality ğŸƒğŸ¾â€â™‚ï¸ I met dozens of kids much younger than me refusing to settle, being resourceful and making no excuses. It humbled me and reminded me of the importance of â€œdoing the mostâ€ as I built Motivez ğŸ’¯ Excited to be back and share some news, but for now please keep sending those recommendations and DM me if youâ€™re in town ğŸ™ğŸ¾The marathon continues ğŸ #TheKidFromPeckham #MotivezMindset #STEM #HumanitarianEngineer",417,30,3,https://www.linkedin.com/search/results/content/?fromMember=%5B%22ACoAABT8qLUBnXxI7bgptgkBdCqFh87WJuzBa_8%22%5D&heroEntityKey=urn%3Ali%3Afsd_profile%3AACoAABT8qLUBnXxI7bgptgkBdCqFh87WJuzBa_8&keywords=george%20imafidon%20mbe&origin=CLUSTER_EXPANSION&position=0&searchId=0f5ef151-d99e-4b8c-a14b-4b1678762f1b&sid=DxW&sortBy=%22date_posted%22
George Imafidon,Male,2023-07-27,"Teaching young people how to network - effectively ğŸ”‘ Yesterday, I delivered a keynote to hundreds of young people at the 2023 EBV Conference on creating authentic connections for opportunities ğŸ¤Iâ€™ve done 100s of applicationsâ€¦and Iâ€™ve been rejected from most of them. Yet, my most transformational opportunities have RARELY been through just an application form ğŸ“„Learning how to build meaningful professional relationships, and showcasing your value is one of the best skills to start developing.The hardest step is the first but youâ€™ve got this ğŸ™ğŸ¾The marathon continues ğŸ Empowered By Vee #TheKidFromPeckham #MotivezMindset #STEM #YouthLeadership",400,46,10,https://www.linkedin.com/search/results/content/?fromMember=%5B%22ACoAABT8qLUBnXxI7bgptgkBdCqFh87WJuzBa_8%22%5D&heroEntityKey=urn%3Ali%3Afsd_profile%3AACoAABT8qLUBnXxI7bgptgkBdCqFh87WJuzBa_8&keywords=george%20imafidon%20mbe&origin=CLUSTER_EXPANSION&position=0&searchId=0f5ef151-d99e-4b8c-a14b-4b1678762f1b&sid=DxW&sortBy=%22date_posted%22
George Imafidon,Male,2023-06-27,"Thereâ€™s a lot to be grateful for this June! ğŸ™ğŸ¾ğŸ–ï¸ Beyond the MBE announcement and Motivez 8th Year anniversary, I took up a new position and we ran our first Driven By Us event!! âœ…ğŸ¤©Over the last year, we brought the motorsport community together based on our shared experiences to create a safe space for those coming up behind us ğŸ™ğŸ¾ Since then, weâ€™ve created an official club with Motorsport UK, which is a first of its kind, and came together for a strategy day to shape the direction with the community. As nominated Vice President of Driven by Us, Iâ€™m looking forward to building on the work of Motivez and making a bigger dent on the motorsport space with our programmes and events - driving STEM on and off the track ğŸï¸ A massive thank you to James Dornor, Jahee Campbell-Brennan for pushing to make this a reality and everyone supporting! The marathon continues ğŸ #TheKidFromPeckham #MotivezMindset #STEM #Motorsport #Community",396,22,4,https://www.linkedin.com/search/results/content/?fromMember=%5B%22ACoAABT8qLUBnXxI7bgptgkBdCqFh87WJuzBa_8%22%5D&heroEntityKey=urn%3Ali%3Afsd_profile%3AACoAABT8qLUBnXxI7bgptgkBdCqFh87WJuzBa_8&keywords=george%20imafidon%20mbe&origin=CLUSTER_EXPANSION&position=0&searchId=0f5ef151-d99e-4b8c-a14b-4b1678762f1b&sid=DxW&sortBy=%22date_posted%22
George Imafidon,Male,2023-11-27,"We raised a staggering Â£266,000 to help build Great Ormond Street Hospital Children's Charity new Childrenâ€™s Cancer Centre!! ğŸ‰ğŸ¥ğŸ™ŒğŸ¾GOSH plays a critical part in supporting children with healthcare needs, alongside their families. I spoke on the High Performance panel at the most recent fundraising dinner - about how we can perform at our best to overcome challenges and support incredible organisations like GOSH.This building of hope will bring together some amazing research, the latest STEM products and facilities - to make it a world class centre.Massive congrats to the amazing team and all the donors for making days like this possible!I hope the work weâ€™re all doing gives some more kids their childhoods back, so they can go on and reach their full potential. Weâ€™re now one step closer to doing just that.The marathon continues ğŸ#TheKidFromPeckham #MotivezMindset #ForTheKids #GOSH",390,33,7,https://www.linkedin.com/search/results/content/?fromMember=%5B%22ACoAABT8qLUBnXxI7bgptgkBdCqFh87WJuzBa_8%22%5D&heroEntityKey=urn%3Ali%3Afsd_profile%3AACoAABT8qLUBnXxI7bgptgkBdCqFh87WJuzBa_8&keywords=george%20imafidon%20mbe&origin=CLUSTER_EXPANSION&position=0&searchId=0f5ef151-d99e-4b8c-a14b-4b1678762f1b&sid=DxW&sortBy=%22date_posted%22
George Imafidon,Male,2024-01-27,"Happy New Year LinkedIn Family! ğŸ‰ğŸ™ŒğŸ¾I spent the last few weeks in solitude to rest and reflect on a truly unbelievable yearâ€¦ğŸ–ï¸ Receiving an MBE for services to STEM and young people and TfL renaming an underground station after me for National Engineering DayğŸš€ Partnering with amazing organisations and individuals like BeyoncÃ© to launch multiple sold-out Motivez programmes and events to directly impact the lives of 2,000+ young people through MotivezğŸ¤ 12+ talks around the world to empower thousands of young people, entrepreneurs and leaders and incredible recognition from HSBC, KPMG, Barclays, Lloyds Banking Group, Foundervine and UK Black Business ShowğŸï¸ Promoted to the Race Engineer for Lewis Hamiltonâ€™s TEAM X44 with 10 races around the world and 4 podiums ğŸŒ Ticking off my bucket list with travels to 9+ countries and my first London MarathonThis year, Iâ€™m focused on becoming a much better leader and not letting my standards slip.Thanks to everyone thatâ€™s supported me and Motivez this last year, it doesnâ€™t go unnoticed ğŸ’™â€”P.S. If youâ€™re a student still planning to maximise your 2024, Motivez and Empowered By Vee are here to help you create your most fulfilling academic year yet! If you want to learn actionable principles for how Vee K. and approach it, sign up now. Last year we sold out quick so grab your spot using the link in the first comment ğŸ‘‡ğŸ¾Bring on 2024!!The marathon continues ğŸ #TheKidFromPeckham #MotivezMindset #Gratitude",375,47,5,https://www.linkedin.com/search/results/content/?fromMember=%5B%22ACoAABT8qLUBnXxI7bgptgkBdCqFh87WJuzBa_8%22%5D&heroEntityKey=urn%3Ali%3Afsd_profile%3AACoAABT8qLUBnXxI7bgptgkBdCqFh87WJuzBa_8&keywords=george%20imafidon%20mbe&origin=CLUSTER_EXPANSION&position=0&searchId=0f5ef151-d99e-4b8c-a14b-4b1678762f1b&sid=DxW&sortBy=%22date_posted%22
George Imafidon,Male,2023-09-27,"This time last month, I delivered a Keynote Speech to 900+ graduates and guests about serving their way to the top in their respective fields ğŸ‘¨ğŸ¾â€ğŸ“ğŸš€  Thereâ€™s nothing more rewarding than showing up in the world for other people, no matter how hard it may be â¤ï¸ And we often need something bigger than ourselves to bring the best out! Thank you again for having me Hult International Business School, Ian Dougal, Matt Lilley and Manpreet (Mona) Dhillon. The marathon continues ğŸ  #TheKidFromPeckham #MotivezMindset #Speaking #HumanitarianEngineer #Service",368,12,3,https://www.linkedin.com/search/results/content/?fromMember=%5B%22ACoAABT8qLUBnXxI7bgptgkBdCqFh87WJuzBa_8%22%5D&heroEntityKey=urn%3Ali%3Afsd_profile%3AACoAABT8qLUBnXxI7bgptgkBdCqFh87WJuzBa_8&keywords=george%20imafidon%20mbe&origin=CLUSTER_EXPANSION&position=0&searchId=0f5ef151-d99e-4b8c-a14b-4b1678762f1b&sid=DxW&sortBy=%22date_posted%22
George Imafidon,Male,2023-09-27,"The struggles along the way are only there to help you with your purpose! ğŸ™ğŸ¾ğŸ–ï¸After receiving the MBE from Prince William, I caught up with his team. Itâ€™s always a pleasure to share more about the work and impact of Motivez ğŸš€One of my (mumâ€™s) proudest moments ğŸ˜…â¤ï¸The marathon continues ğŸ#TheKidFromPeckham #MotivezMindset #STEM",357,40,2,https://www.linkedin.com/search/results/content/?fromMember=%5B%22ACoAABT8qLUBnXxI7bgptgkBdCqFh87WJuzBa_8%22%5D&heroEntityKey=urn%3Ali%3Afsd_profile%3AACoAABT8qLUBnXxI7bgptgkBdCqFh87WJuzBa_8&keywords=george%20imafidon%20mbe&origin=CLUSTER_EXPANSION&position=0&searchId=0f5ef151-d99e-4b8c-a14b-4b1678762f1b&sid=DxW&sortBy=%22date_posted%22
George Imafidon,Male,2023-04-27,"I really enjoyed delivering the Keynote Speech on â€˜Breaking Barriersâ€™ at the EY Entrepreneur of the Year Retreat ğŸš€ It was great to meet the amazing finalists and memorable speakers like Steve Hewitt (Fmr CEO @ Gymshark), Susie Ma (CEO @ Tropic), David MacDonald (CEO @ Cullen) and Catie Munnings (Rally driver and my competitor ğŸ˜…) who definitely inspired me to keep dream bigger.Beyond sharing my journey from fixing bikes in Peckham to sustainable motorsport with Lewis Hamiltonâ€™s race team, I shared insights Iâ€™ve picked up along the way from Motivez on: 1ï¸âƒ£ Servant leadership - being the rising tide that lifts all boats2ï¸âƒ£ Integrating purpose in high-performing businesses3ï¸âƒ£ Leaving the ladder down for our communitiesA massive thank you to everyone for your comments and the EY team for making it happen - Victoria Price Lynn Rattigan, Rachel Beasley, Courtney Shields, Kerry Georgiou, my last minute DJ and everyone else behind the scenes! ğŸ‘ğŸ¾The futureâ€™s bright! The marathon continues ğŸ#TheKidFromPeckham #MotivezMindset #EYEntrepreneurOfTheYear #Speaking #HumanitarianEngineer #STEM",355,33,9,https://www.linkedin.com/search/results/content/?fromMember=%5B%22ACoAABT8qLUBnXxI7bgptgkBdCqFh87WJuzBa_8%22%5D&heroEntityKey=urn%3Ali%3Afsd_profile%3AACoAABT8qLUBnXxI7bgptgkBdCqFh87WJuzBa_8&keywords=george%20imafidon%20mbe&origin=CLUSTER_EXPANSION&position=0&searchId=0f5ef151-d99e-4b8c-a14b-4b1678762f1b&sid=DxW&sortBy=%22date_posted%22
George Imafidon,Male,2023-10-27,"Huge thanks to KPMG for recognising Motivez as the MOST PROMISING NON-PROFIT ORGANISATION!! ğŸ‰ğŸ† Over the past 8 years, we've been committed to empowering underserved young people to access STEM jobs and become change-makers and with this new funding and support, weâ€™ll be able to take this to the next level ğŸš€ If you want to be part of the movement, you can join us by:1ï¸âƒ£ Signing up and sharing our Application Season Programme to get those dream jobs in STEM and beyond - Launching on Tuesday 7th November ğŸš€ 2ï¸âƒ£ Joining our amazing community of volunteers and mentors â¤ï¸3ï¸âƒ£ Partnering with us on our grassroots and employability programmes to increase equity in STEM ğŸ¤Grateful to all that have wished us well along the way and continue to endorse us as we transcend these boundaries. The marathon continues ğŸ#TheKidFromPeckham #MotivezMindset #ApplicationSeason #KPMG #BlackEntrepreneurAwards",352,27,4,https://www.linkedin.com/search/results/content/?fromMember=%5B%22ACoAABT8qLUBnXxI7bgptgkBdCqFh87WJuzBa_8%22%5D&heroEntityKey=urn%3Ali%3Afsd_profile%3AACoAABT8qLUBnXxI7bgptgkBdCqFh87WJuzBa_8&keywords=george%20imafidon%20mbe&origin=CLUSTER_EXPANSION&position=0&searchId=0f5ef151-d99e-4b8c-a14b-4b1678762f1b&sid=DxW&sortBy=%22date_posted%22
George Imafidon,Male,2024-01-27,"This is the BIGGEST transfer in sports history!! ğŸ¤¯ğŸï¸""Everybody is a Ferrari fan. Even if they say they're not, they are Ferrari fans. Even if you go to the Mercedes guys and they say â€˜Mercedes is the best brand in the worldâ€™ they are Ferrari fans"" â¤ï¸At some point in our careers, we all need to take a riskâ€¦ if you always wait till youâ€™re ready, youâ€™ll always be late. It seems like all the greats move to Ferrariâ€¦ is it my time too? ğŸ˜…ğŸ†The marathon continues ğŸ#TheKidFromPeckham #Ferrari #LewisHamilton #Formula1",338,23,5,https://www.linkedin.com/search/results/content/?fromMember=%5B%22ACoAABT8qLUBnXxI7bgptgkBdCqFh87WJuzBa_8%22%5D&heroEntityKey=urn%3Ali%3Afsd_profile%3AACoAABT8qLUBnXxI7bgptgkBdCqFh87WJuzBa_8&keywords=george%20imafidon%20mbe&origin=CLUSTER_EXPANSION&position=0&searchId=0f5ef151-d99e-4b8c-a14b-4b1678762f1b&sid=DxW&sortBy=%22date_posted%22
George Imafidon,Male,2023-11-27,"WE MADE THE PODIUM IN CHILE!!! ğŸ†ğŸ‡¨ğŸ‡±ğŸ¥³ On the first race day, we were the top qualifiers with great pace from both drivers ğŸï¸âš¡ï¸ Thatâ€™s my 3rd podium since my promotion to the Race Engineer with TEAM X44! ğŸ‰Iâ€™m forever grateful to all of you who have supported the journey and continue to inspire me â¤ï¸ğŸš€ Ending the season on a high! Letâ€™s go!! The marathon continues ğŸ#TheKidFromPeckham #MotivezMindset #STEM #Motorsport",337,27,1,https://www.linkedin.com/search/results/content/?fromMember=%5B%22ACoAABT8qLUBnXxI7bgptgkBdCqFh87WJuzBa_8%22%5D&heroEntityKey=urn%3Ali%3Afsd_profile%3AACoAABT8qLUBnXxI7bgptgkBdCqFh87WJuzBa_8&keywords=george%20imafidon%20mbe&origin=CLUSTER_EXPANSION&position=0&searchId=0f5ef151-d99e-4b8c-a14b-4b1678762f1b&sid=DxW&sortBy=%22date_posted%22
George Imafidon,Male,2023-10-27,"WEâ€™VE JUST SOLD OUT!!! ğŸ¤¯ğŸ™ŒğŸ¾ğŸ™ğŸ¾Thatâ€™s over TWO HUNDRED AND FIFTY young people that we have the chance to directly impact this month to help secure their dream jobs in STEM (and beyond)!Itâ€™s an opportunity I donâ€™t take for granted because I know how much all of my communities supported me to thrive on my journey into engineering and motorsport.Canâ€™t wait to launch the Application Season programme sponsored by PwC and Salesforce next week and serve you all with the Motivez team.For every one of you that shared the opportunity, we canâ€™t thank you enough â¤ï¸We want to serve as many young people as possible so the waiting list is open and weâ€™ll release tickets as more volunteers sign up. If youâ€™re interested in supporting one of the evening sessions, please use the sign up link in the first commentğŸ‘‡ğŸ¾Letâ€™s go get these dream jobs! ğŸš€The marathon continues ğŸ #TheKidFromPeckham #MotivezMindset #STEM #Jobs #SoldOut",333,25,7,https://www.linkedin.com/search/results/content/?fromMember=%5B%22ACoAABT8qLUBnXxI7bgptgkBdCqFh87WJuzBa_8%22%5D&heroEntityKey=urn%3Ali%3Afsd_profile%3AACoAABT8qLUBnXxI7bgptgkBdCqFh87WJuzBa_8&keywords=george%20imafidon%20mbe&origin=CLUSTER_EXPANSION&position=0&searchId=0f5ef151-d99e-4b8c-a14b-4b1678762f1b&sid=DxW&sortBy=%22date_posted%22
George Imafidon,Male,2024-03-27,"Wrapped up last week celebrating some of the UK most exceptional Black talent at the Black Tech Achievement Awards 2024! ğŸ‰ Massive congrats to all the nominees and winners across the categories ğŸ‘ğŸ¾ It was great to see so much of the Motivez community and friends like Eneni Abban who won the Inspiration Woman of the Year award ğŸ† A young black girl from South London reimagining robotics and making it more accessible. Your story, and so many that were shared on the night, is an inspiration to us all! ğŸ’™ The dream is for rooms like this to be filled with Motivez changemakers who are leading the way ğŸš€ A massive shout out to Dr. Raphael Sofoluke and the BTA team on pulling off an exceptional night and building this platform for all of the heroes.The marathon continues ğŸ #TheKidFromPeckham #BlackTechAwards2024 #MotivezMindset",324,18,3,https://www.linkedin.com/search/results/content/?fromMember=%5B%22ACoAABT8qLUBnXxI7bgptgkBdCqFh87WJuzBa_8%22%5D&heroEntityKey=urn%3Ali%3Afsd_profile%3AACoAABT8qLUBnXxI7bgptgkBdCqFh87WJuzBa_8&keywords=george%20imafidon%20mbe&origin=CLUSTER_EXPANSION&position=0&searchId=0f5ef151-d99e-4b8c-a14b-4b1678762f1b&sid=DxW&sortBy=%22date_posted%22
George Imafidon,Male,2023-04-27,"Today Iâ€™ll be delivering the Keynote Speech at the EY Entrepreneur of the Year Retreat! ğŸ¤ Iâ€™ll be speaking to 120+ entrepreneurs about breaking barriers through Motivez, building purposeful business and my journey from fixing bikes to racing for the planet ğŸï¸ğŸŒ Letâ€™s go!! ğŸ™ğŸ¾#TheKidFromPeckham #MotivezMindset #Keynote #STEM",295,34,1,https://www.linkedin.com/search/results/content/?fromMember=%5B%22ACoAABT8qLUBnXxI7bgptgkBdCqFh87WJuzBa_8%22%5D&heroEntityKey=urn%3Ali%3Afsd_profile%3AACoAABT8qLUBnXxI7bgptgkBdCqFh87WJuzBa_8&keywords=george%20imafidon%20mbe&origin=CLUSTER_EXPANSION&position=0&searchId=0f5ef151-d99e-4b8c-a14b-4b1678762f1b&sid=DxW&sortBy=%22date_posted%22
George Imafidon,Male,2024-03-27,This week Iâ€™m off for a little adventure!! âœˆï¸ To a country that Iâ€™ve wanted to visit for YEARSSS ğŸŒ All I can say is that itâ€™s an island country with some of the BEST FOOD! ğŸï¸ğŸ¥˜ BUT Jollof Rice will always be greater ğŸ˜… Can you guess? Sometimes you have to slow down to speed up! Iâ€™m excited to leave the racing behind for a short time and let the Motivez team to work their magic with all the upcoming programmes.The marathon continues ğŸ #TheKidFromPeckham #Travel #BirthdayMonth,294,44,0,https://www.linkedin.com/search/results/content/?fromMember=%5B%22ACoAABT8qLUBnXxI7bgptgkBdCqFh87WJuzBa_8%22%5D&heroEntityKey=urn%3Ali%3Afsd_profile%3AACoAABT8qLUBnXxI7bgptgkBdCqFh87WJuzBa_8&keywords=george%20imafidon%20mbe&origin=CLUSTER_EXPANSION&position=0&searchId=0f5ef151-d99e-4b8c-a14b-4b1678762f1b&sid=DxW&sortBy=%22date_posted%22
George Imafidon,Male,2023-09-27,"Landed in Sardinia for Round 7 and 8 of the Extreme E season! ğŸï¸ğŸ‡®ğŸ‡¹ I always have to pinch myself at moments like thisâ€¦ racing these electric cars around the world with TEAM X44, keeping the ladder down through making motorsport engineering more accessible and living out my purpose âš¡ï¸ğŸŒ Thereâ€™s nothing better than creating your own lane and paving the way for others! Engineeringâ€™s never looked so GOOD!! ğŸš€ The marathon continues ğŸ#TheKidFromPeckham #MotivezMindset #SustainableMotorsport #STEM #IslandXPrix",290,17,2,https://www.linkedin.com/search/results/content/?fromMember=%5B%22ACoAABT8qLUBnXxI7bgptgkBdCqFh87WJuzBa_8%22%5D&heroEntityKey=urn%3Ali%3Afsd_profile%3AACoAABT8qLUBnXxI7bgptgkBdCqFh87WJuzBa_8&keywords=george%20imafidon%20mbe&origin=CLUSTER_EXPANSION&position=0&searchId=0f5ef151-d99e-4b8c-a14b-4b1678762f1b&sid=DxW&sortBy=%22date_posted%22
George Imafidon,Male,2024-04-13,"Today Iâ€™ll be moderating the opening keynote with my brother Kenny Imafidon and a STEM panel with Liseli, Eve and Natalina at the Social Mobility Factory! ğŸ¤ Itâ€™s a full-circle moment to speak to 600+ young people about Kenâ€™s career, journey as an entrepreneur and social commentator, and dig deeper on the content of his debut book - That Peckham Boy ğŸ“š Itâ€™s about time so big shout out to The 93% Club for organising!The marathon continues ğŸ #TheKidFromPeckham #MotivezMindset #Keynote #STEM",288,15,4,https://www.linkedin.com/search/results/content/?fromMember=%5B%22ACoAABT8qLUBnXxI7bgptgkBdCqFh87WJuzBa_8%22%5D&heroEntityKey=urn%3Ali%3Afsd_profile%3AACoAABT8qLUBnXxI7bgptgkBdCqFh87WJuzBa_8&keywords=george%20imafidon%20mbe&origin=CLUSTER_EXPANSION&position=0&searchId=0f5ef151-d99e-4b8c-a14b-4b1678762f1b&sid=DxW&sortBy=%22date_posted%22
George Imafidon,Male,2023-05-27,"Still feels pretty unreal that BeyoncÃ© gave us multiple shout outs across her Renaissance World Tour!! ğŸ¤¯ğŸš€Who says the arts and STEM canâ€™t interact ğŸ™ŒğŸ¾Weâ€™ve come a long way from that first meeting in Peckham Burger King Muizz!  So proud of the whole Motivez team for constantly pushing the boundaries and reimagining STEM engagement, particularly for young people typically far removed from the industry. Letâ€™s keep serving our way to the top â¤ï¸ Thereâ€™s no limits! ğŸ™ğŸ¾The marathon continues ğŸ#TheKidFromPeckham #MotivezMindset #YoungPeople #RenaissanceWorldTour #STEM",272,38,1,https://www.linkedin.com/search/results/content/?fromMember=%5B%22ACoAABT8qLUBnXxI7bgptgkBdCqFh87WJuzBa_8%22%5D&heroEntityKey=urn%3Ali%3Afsd_profile%3AACoAABT8qLUBnXxI7bgptgkBdCqFh87WJuzBa_8&keywords=george%20imafidon%20mbe&origin=CLUSTER_EXPANSION&position=0&searchId=0f5ef151-d99e-4b8c-a14b-4b1678762f1b&sid=DxW&sortBy=%22date_posted%22
George Imafidon,Male,2024-04-13,"This week, Iâ€™ve been travelling around the UK with the Motivez team and spoke with 800+ students. I shared practical tools and insights for their journeys, and showed them that a career in STEM might just be for them! ğŸ¤ Pursuing your purpose and making positive change never get old! ğŸ™…ğŸ¾â€â™‚ï¸Weâ€™re on a mission to serve, give hope and build as many local change-makers as possible in STEM and beyond ğŸ‘©â€ğŸ’» And it still feels like DAY 1! ğŸš€ The marathon continues ğŸ#TheKidFromPeckham #STEM #HumanitarianEngineer #MotivezMindset #SocialImpact",261,16,8,https://www.linkedin.com/search/results/content/?fromMember=%5B%22ACoAABT8qLUBnXxI7bgptgkBdCqFh87WJuzBa_8%22%5D&heroEntityKey=urn%3Ali%3Afsd_profile%3AACoAABT8qLUBnXxI7bgptgkBdCqFh87WJuzBa_8&keywords=george%20imafidon%20mbe&origin=CLUSTER_EXPANSION&position=0&searchId=0f5ef151-d99e-4b8c-a14b-4b1678762f1b&sid=DxW&sortBy=%22date_posted%22
George Imafidon,Male,2023-04-27,"Finally in SCOTLAND with TEAM X44 for our HOMECOMING RACE!! ğŸ´ó §ó ¢ó ³ó £ó ´ó ¿ğŸ Weâ€™ll be racing the electric cars around an old coal mine to raise awareness of how theyâ€™re transforming the location into a hydropower plant and wind farm âš¡ï¸ From the track walk, the drivers will be really struggling for grip â€“ especially if thereâ€™s some Scottish rain â€“ as the course evolves and the clay is kicked up ğŸ¤¦ğŸ¾â€â™‚ï¸ Nevertheless, letâ€™s bring it home! ğŸ†ğŸ™ğŸ¾The marathon continues ğŸ #TheKidFromPeckham #MotivezMindset #STEM #SustainableMotorsport #HydroXPrix",259,19,1,https://www.linkedin.com/search/results/content/?fromMember=%5B%22ACoAABT8qLUBnXxI7bgptgkBdCqFh87WJuzBa_8%22%5D&heroEntityKey=urn%3Ali%3Afsd_profile%3AACoAABT8qLUBnXxI7bgptgkBdCqFh87WJuzBa_8&keywords=george%20imafidon%20mbe&origin=CLUSTER_EXPANSION&position=0&searchId=0f5ef151-d99e-4b8c-a14b-4b1678762f1b&sid=DxW&sortBy=%22date_posted%22
George Imafidon,Male,2024-02-27,"WEâ€™VE OFFICIALLY SOLD OUT!!! ğŸ¤¯ğŸ™ŒğŸ¾ğŸ™ğŸ¾Thatâ€™s another 250+ young people that will have the opportunity to learn from some inspiring mentors, build invaluable relationships and all the skills needed to secure their dream jobs in STEM (and beyond)!For every one of you that shared the opportunity, we canâ€™t thank you enough. Massive shout out to our sponsors PwC and Salesforce for helping to bring this 7th cohort to life â¤ï¸For those of you on the waiting list for Application Season, itâ€™s not over! The Motivez team want to impact as many of you as possible so weâ€™ve left the sign ups open as there might just be a spot for you as we sign up more mentors. Keep your eyes peeled on your emails ğŸ‘ŒğŸ¾Looking forward to launching this evening and serving you all. Letâ€™s go get these dream jobs! ğŸš€The marathon continues ğŸ #TheKidFromPeckham #MotivezMindset #STEM #Jobs #SoldOut #ApplicationSeason #AS2024",255,18,2,https://www.linkedin.com/search/results/content/?fromMember=%5B%22ACoAABT8qLUBnXxI7bgptgkBdCqFh87WJuzBa_8%22%5D&heroEntityKey=urn%3Ali%3Afsd_profile%3AACoAABT8qLUBnXxI7bgptgkBdCqFh87WJuzBa_8&keywords=george%20imafidon%20mbe&origin=CLUSTER_EXPANSION&position=0&searchId=0f5ef151-d99e-4b8c-a14b-4b1678762f1b&sid=DxW&sortBy=%22date_posted%22
George Imafidon,Male,2023-08-27,"MEET THE TEAM behind the Motivez magic!! ğŸ¤©â¤ï¸I want to take a moment to appreciate the team and ambassadors for their dedication to shaking up the STEM space over the last 8 years and getting us to this position of growth ğŸš€So proud of every single one of you - and excited to see you go from strength to strength. Our futureâ€™s bright! Treasure O., Muizz Almaroof, Subira Ismail, Charlie B., Tasa O., Shemaiah Fenteng, Sonia M., Jadyn Abankwa, Adedoyin Adeyanju, Lindsay Ezeagu The marathon continues ğŸ #TheKidFromPeckham #MotivezMindset #STEM #Team",252,17,4,https://www.linkedin.com/search/results/content/?fromMember=%5B%22ACoAABT8qLUBnXxI7bgptgkBdCqFh87WJuzBa_8%22%5D&heroEntityKey=urn%3Ali%3Afsd_profile%3AACoAABT8qLUBnXxI7bgptgkBdCqFh87WJuzBa_8&keywords=george%20imafidon%20mbe&origin=CLUSTER_EXPANSION&position=0&searchId=0f5ef151-d99e-4b8c-a14b-4b1678762f1b&sid=DxW&sortBy=%22date_posted%22
George Imafidon,Male,2023-12-27,"Finally settled back from Chile and reflecting on the double podium! ğŸ†ğŸ¥‰  Couldn't think of a better way to wrap up the 2023 campaign - 3 podiums in the last 3 races ğŸï¸ This year weâ€™ve used the TEAM X44 platform to champion underrepresented voices and provide as many opportunities to the next generation of STEM talent - and the pictures show it all ğŸš€ Another year showing that inclusion and excellence go hand in hand ğŸ¤  We might have not won the championship again this year but feeling stronger than I'veever been ğŸ’ªğŸ¾ For everyone in my community, thank you for always supporting me through this journey! Being able to represent is something I will always be proud of and regardless of how much we achieve, it will never change â¤ï¸ The marathon continues ğŸ  #TheKidFromPeckham #MotivezMindset #RaceEngineer #STEM",248,10,0,https://www.linkedin.com/search/results/content/?fromMember=%5B%22ACoAABT8qLUBnXxI7bgptgkBdCqFh87WJuzBa_8%22%5D&heroEntityKey=urn%3Ali%3Afsd_profile%3AACoAABT8qLUBnXxI7bgptgkBdCqFh87WJuzBa_8&keywords=george%20imafidon%20mbe&origin=CLUSTER_EXPANSION&position=0&searchId=0f5ef151-d99e-4b8c-a14b-4b1678762f1b&sid=DxW&sortBy=%22date_posted%22
George Imafidon,Male,2024-04-20,"Super excited to be launching a new Motivez programme for GCSE, A-Level and IB students preparing for those exams!! ğŸ‰ğŸš€We know how stressful this season can be, so itâ€™s about time we plugged the gap to support you all during this intense time. Itâ€™s taken years to get here but weâ€™ve finally got you with â€œExam Seasonâ€ ğŸ’™ Weâ€™re bringing together some of the best experts in the StudyTube space and beyond to help you with revision and exam techniques in-person, online study sessions, accountability and a community to manage the stress whilst staying focused on this marathon ğŸ“š Please share with your network and/or apply directly via: Link in the first comment ğŸ”—If you have any questions feel free to DM me or email programmes@motivez.co.ukSign ups close on Sunday 21st April ğŸ™ğŸ¾The marathon continues ğŸ#TheKidFromPeckham #MotivezMindset #STEM",247,26,12,https://www.linkedin.com/search/results/content/?fromMember=%5B%22ACoAABT8qLUBnXxI7bgptgkBdCqFh87WJuzBa_8%22%5D&heroEntityKey=urn%3Ali%3Afsd_profile%3AACoAABT8qLUBnXxI7bgptgkBdCqFh87WJuzBa_8&keywords=george%20imafidon%20mbe&origin=CLUSTER_EXPANSION&position=0&searchId=0f5ef151-d99e-4b8c-a14b-4b1678762f1b&sid=DxW&sortBy=%22date_posted%22
George Imafidon,Male,2024-01-27,"Talk about starting the year off with a BANG!ğŸ’¥ Last week we SOLD-OUT our â€˜How to Smash Your 2024 Goalsâ€™ session in 48 hours in collaboration with Empowered By Vee where 200+ aspiring game-changers tuned in in-person and online ğŸš€Vee K. and I shared practical techniques on cultivating accountability, discipline and broke down exactly what is needed to achieve those personal and academic goals this year. Want more like this? Our Application Season Programme is right around the corner! ğŸ’¥If youâ€™re looking to upgrade your CV/cover letters, learn how to ace interviews/assessment centres and get tailored advice from relatable mentors then you donâ€™t want to miss this one!Early bird applications in the first comment ğŸ‘‡ğŸ¾ğŸš€#TheKidFromPeckham #MotivezMindset #Employability #Collaboration #STEM",246,23,6,https://www.linkedin.com/search/results/content/?fromMember=%5B%22ACoAABT8qLUBnXxI7bgptgkBdCqFh87WJuzBa_8%22%5D&heroEntityKey=urn%3Ali%3Afsd_profile%3AACoAABT8qLUBnXxI7bgptgkBdCqFh87WJuzBa_8&keywords=george%20imafidon%20mbe&origin=CLUSTER_EXPANSION&position=0&searchId=0f5ef151-d99e-4b8c-a14b-4b1678762f1b&sid=DxW&sortBy=%22date_posted%22
George Imafidon,Male,2023-07-27,"MASSIVE congrats to all of you getting your A-Level, T-Level and BTEC results today because itâ€™s not easy ğŸ‰ğŸ™ŒğŸ¾ I remember not doing too great initially and being REJECTED from my top university choices for engineering. BUT it wasnâ€™t the end of the world. It all came together in the end after ASKING FOR HELP, so remember the Motivez team is here if you just want a sounding board, as the majority of us have been through the rollercoaster of emotions ğŸ¢Most of the us have done resits, gap years, clearing, adjustments, apprenticeships and unconventional routes so just pop the team message on Instagram - happy to help â¤ï¸Donâ€™t let results day define you. Whether you meet your expectations or fall short, itâ€™s all about your response. Good luck! ğŸ™ğŸ¾The marathon continues ğŸ#TheKidFromPeckham #MotivezMindset #ResultsDay",245,6,10,https://www.linkedin.com/search/results/content/?fromMember=%5B%22ACoAABT8qLUBnXxI7bgptgkBdCqFh87WJuzBa_8%22%5D&heroEntityKey=urn%3Ali%3Afsd_profile%3AACoAABT8qLUBnXxI7bgptgkBdCqFh87WJuzBa_8&keywords=george%20imafidon%20mbe&origin=CLUSTER_EXPANSION&position=0&searchId=0f5ef151-d99e-4b8c-a14b-4b1678762f1b&sid=DxW&sortBy=%22date_posted%22
George Imafidon,Male,2023-07-27,Weâ€™ve been blessed to have a lot of articles written about Motivez and the recent MBE but this one HITS HOME!! ğŸ™ğŸ¾I recently walked into my local ğŸ‡¯ğŸ‡² shop for dinner and randomly found myself in the newspaper! ğŸ—ï¸ğŸ˜…Grab your copy of The Peckham Peculiar if youâ€™re around the area this month. Letâ€™s show the kids whatâ€™s possible â¤ï¸The marathon continues ğŸ#TheKidFromPeckham #MotivezMindset #MBE,242,25,3,https://www.linkedin.com/search/results/content/?fromMember=%5B%22ACoAABT8qLUBnXxI7bgptgkBdCqFh87WJuzBa_8%22%5D&heroEntityKey=urn%3Ali%3Afsd_profile%3AACoAABT8qLUBnXxI7bgptgkBdCqFh87WJuzBa_8&keywords=george%20imafidon%20mbe&origin=CLUSTER_EXPANSION&position=0&searchId=0f5ef151-d99e-4b8c-a14b-4b1678762f1b&sid=DxW&sortBy=%22date_posted%22
George Imafidon,Male,2023-07-27,"From KEYNOTE SPEAKER to the EVENT HOST!! ğŸ¤ğŸ¤© This time last year, I spoke to 200+ young people at REflect 2022, one of the most anticipated STEM events of the year.  The young people loved it. So much that I have the privilege of coming back to host this year! ğŸ™ğŸ¾ The line up is INCREDIBLE with some of the best in the STEM space! From Mohammad Taher inspiring millions into aviation to Biiftuu Aba-Godu, Krystina, Ama Frimpong, Navjot Sawhney, James Dornor, Dr. Joseph D.,  Veena Kumari, Dr Shini Somara BEng (Hons) EngD HonFIED and  Hayley Mulenda â€¢ FRSA ğŸ”¥  If youâ€™re 16-25 and interested in STEM you don't want to miss this! As Motivez is also a youth partner, we have some limited tickets to join us all in London on 1st August so please check your inbox for our latest newsletter or comment below ğŸ‘€ For your free ONLINE ticket, use link in the first comment ğŸ‘‡ğŸ¾ Massive thanks to Isabella Mascarenhas, Amy Muncer and whole RS Grass Roots team for pulling this all together.George The Poet did a great job last year so not easy shoes to fill but I'm looking forwardto the challenge!Letâ€™s go!! ğŸš€ The marathon continues ğŸ  #TheKidFromPeckham #REflect2023 #STEM #YoungPeople",217,39,14,https://www.linkedin.com/search/results/content/?fromMember=%5B%22ACoAABT8qLUBnXxI7bgptgkBdCqFh87WJuzBa_8%22%5D&heroEntityKey=urn%3Ali%3Afsd_profile%3AACoAABT8qLUBnXxI7bgptgkBdCqFh87WJuzBa_8&keywords=george%20imafidon%20mbe&origin=CLUSTER_EXPANSION&position=0&searchId=0f5ef151-d99e-4b8c-a14b-4b1678762f1b&sid=DxW&sortBy=%22date_posted%22
George Imafidon,Male,2023-04-27,"Following the success of the Prospering Peckham pilot, I'm excited to share that weâ€™re growing the Motivez family and recruiting 10 TECHNOLOGY MENTORS to deliver â€˜Sustainable Southwarkâ€™ to hundreds of kids! ğŸ‰ This scaled up programme, funded by the Queens Platinum Jubilee Fund, will put underrepresented young people at the heart of climate action! ğŸ‰If you're looking for a purposeful adventure to use your design experience and those volunteering hours to inspire and serve the next generation of underrepresented STEAM leaders then this could be the programme for you.What youâ€™ll be doing:1ï¸âƒ£ Mentoring students to design and prototype digital solutions to local climate issues over hackathons2ï¸âƒ£ Help young people pitch their ideas to senior leaders3ï¸âƒ£ Provide careers advice and guidance for studentsRegister your interest with the link in the first commentğŸ‘‡ğŸ¾Please share with your networks and any organisations who may be interested.#TheKidFromPeckham #STEM #YoungPeople #Mentor #ClimateChange #Sustainability #MotivezMindset",216,17,11,https://www.linkedin.com/search/results/content/?fromMember=%5B%22ACoAABT8qLUBnXxI7bgptgkBdCqFh87WJuzBa_8%22%5D&heroEntityKey=urn%3Ali%3Afsd_profile%3AACoAABT8qLUBnXxI7bgptgkBdCqFh87WJuzBa_8&keywords=george%20imafidon%20mbe&origin=CLUSTER_EXPANSION&position=0&searchId=0f5ef151-d99e-4b8c-a14b-4b1678762f1b&sid=DxW&sortBy=%22date_posted%22
George Imafidon,Male,2023-11-27,"Thatâ€™s a WRAP on our 6th cohort of Application Season with a 300+ SOLD-OUT programme! ğŸ‰I think itâ€™s safe to say this cohort was a SPECIAL one - One of the most engaged Iâ€™ve ever seen! So many great transformations and some dream jobs already secured ğŸš€The Motivez team had a blast so I hope you all enjoyed it too! The Art of Leverage & Celebration event was definitely my highlight to see some of you in-person ğŸ‘ğŸ¾ A massive thank you to the incredible young people that committed to the journey, our phenomenal speakers, mentors and partners - Dr Khadija Owusu, Sunny Yang (Zeying), Nana Badu, Charles Daker, Joseph Simeon, Dannique Blake, FRSA, Natasha Rodrigo, Mohammad Taher, PwC, Salesforce for making this all possible â¤ï¸Weâ€™ll be sharing more over the next few days but in the meantime, weâ€™ve got some post-programme support - so letâ€™s go get these dream jobs ğŸš€ The marathon continues ğŸ #TheKidFromPeckham #MotivezMindset #ApplicationSeason #STEM #Jobs",214,22,9,https://www.linkedin.com/search/results/content/?fromMember=%5B%22ACoAABT8qLUBnXxI7bgptgkBdCqFh87WJuzBa_8%22%5D&heroEntityKey=urn%3Ali%3Afsd_profile%3AACoAABT8qLUBnXxI7bgptgkBdCqFh87WJuzBa_8&keywords=george%20imafidon%20mbe&origin=CLUSTER_EXPANSION&position=0&searchId=0f5ef151-d99e-4b8c-a14b-4b1678762f1b&sid=DxW&sortBy=%22date_posted%22
George Imafidon,Male,2024-03-27,"This time last year, I was nominated for The Black British Business Awards! ğŸ†ğŸ¤µğŸ¾â€â™‚ï¸It was a whirlwind night that Iâ€™ll never forgetâ€¦ we won the prestigious BBBA Rising Entrepreneur Award sponsored by Barclays! ğŸš€ I also got a chance to celebrate so many amazing sisters and brothers in the community that Iâ€™m now blessed to work with ğŸ¤ The nominations are open for 2024 but it closes TODAY! Take a few minutes to nominate an incredible Black British professional or entrepreneur in one of the six main categories:ğŸ­ğ€ğ«ğ­ğ¬ ğšğ§ğ ğŒğğğ¢ğšğŸ‘„ ğ‚ğ¨ğ§ğ¬ğ®ğ¦ğğ« ğšğ§ğ ğ‹ğ®ğ±ğ®ğ«ğ²ğŸ’»ğ„ğ§ğ­ğ«ğğ©ğ«ğğ§ğğ®ğ«ğŸ’°ğ…ğ¢ğ§ğšğ§ğœğ¢ğšğ¥ ğ’ğğ«ğ¯ğ¢ğœğğ¬ğŸ’¼ğğ«ğ¨ğŸğğ¬ğ¬ğ¢ğ¨ğ§ğšğ¥ ğ’ğğ«ğ¯ğ¢ğœğğ¬ğŸ§¬ğ’ğ“ğ„ğŒYou wonâ€™t regret the experience! Link to nominate is in the first commentğŸ‘‡ğŸ¾#TheKidFromPeckham #TheBBBAwards #STEM #SocialImpact",214,12,0,https://www.linkedin.com/search/results/content/?fromMember=%5B%22ACoAABT8qLUBnXxI7bgptgkBdCqFh87WJuzBa_8%22%5D&heroEntityKey=urn%3Ali%3Afsd_profile%3AACoAABT8qLUBnXxI7bgptgkBdCqFh87WJuzBa_8&keywords=george%20imafidon%20mbe&origin=CLUSTER_EXPANSION&position=0&searchId=0f5ef151-d99e-4b8c-a14b-4b1678762f1b&sid=DxW&sortBy=%22date_posted%22
George Imafidon,Male,2023-05-27,"Iâ€™ll be speaking with Times Radio on Saturday about Motivez as we celebrate our eight years of impact and one of our biggest announcement yet! ğŸ‰ I hope you can set those alarms for 7AM (BST) and tune in. If youâ€™ve been following the journey till now, I promise you wonâ€™t want to miss this one! ğŸ”¥ The marathon continues ğŸ #TheKidFromPeckham #MotivezMindset #STEM",208,18,0,https://www.linkedin.com/search/results/content/?fromMember=%5B%22ACoAABT8qLUBnXxI7bgptgkBdCqFh87WJuzBa_8%22%5D&heroEntityKey=urn%3Ali%3Afsd_profile%3AACoAABT8qLUBnXxI7bgptgkBdCqFh87WJuzBa_8&keywords=george%20imafidon%20mbe&origin=CLUSTER_EXPANSION&position=0&searchId=0f5ef151-d99e-4b8c-a14b-4b1678762f1b&sid=DxW&sortBy=%22date_posted%22
George Imafidon,Male,2023-10-27,"Iâ€™ll be on BBC Radio London tomorrow to discuss TfL renaming a tube station after me for National Engineering Day ğŸš€ Iâ€™ll also be sharing more on what weâ€™re doing at Motivez to create the next generation of STEM icons and the sold-out Application Season programme that launches tomorrow ğŸš€ To all my early risers, Iâ€™ll see you there at 7:15AM ğŸ™ŒğŸ¾To the rest of you, itâ€™s never too late to listen in so Iâ€™ll put the link for the playback in the comments once Iâ€™ve got it ğŸ‘ŒğŸ¾The marathon continues ğŸ#TheKidFromPeckham #MotivezMindset #BBC #NationalEngineeringDay Royal Academy of Engineering",196,2,0,https://www.linkedin.com/search/results/content/?fromMember=%5B%22ACoAABT8qLUBnXxI7bgptgkBdCqFh87WJuzBa_8%22%5D&heroEntityKey=urn%3Ali%3Afsd_profile%3AACoAABT8qLUBnXxI7bgptgkBdCqFh87WJuzBa_8&keywords=george%20imafidon%20mbe&origin=CLUSTER_EXPANSION&position=0&searchId=0f5ef151-d99e-4b8c-a14b-4b1678762f1b&sid=DxW&sortBy=%22date_posted%22
George Imafidon,Male,2024-01-27,"Today marks the 3-year anniversary of launching the Motivez Application Season Programme!! ğŸ‰ğŸ™ŒğŸ¾1ï¸âƒ£ Weâ€™ve helped thousands of young people secure jobs at companies such as Google, Facebook, Accenture, JP Morgan and Rolls Royce and now weâ€™re launching SEASON 7! ğŸš€2ï¸âƒ£ This will be for students and young people looking to upgrade CVs and cover letters, learn how to ace interviews/assessment centres and get tailored advice from relatable mentors to master the job application process ğŸ’ 3ï¸âƒ£ The programme always sells out, so register ASAP for a spot and please share with at least one person that might benefit from the free coaching. Thereâ€™s also giveaways for the people with the most referrals and PRIZES up to Â£200 throughout the programme! ğŸ‘€ğŸ’°Sign ups close on Friday 2nd February! Link in first comment ğŸ‘‡ğŸ¾Massive thank you to our sponsors such as PwC, UK Youth, and Salesforce who support us to make this happen â¤ï¸#TheKidFromPeckham #MotivezMindset #ApplicationSeason #Jobs #YoungPeople #STEM",182,14,12,https://www.linkedin.com/search/results/content/?fromMember=%5B%22ACoAABT8qLUBnXxI7bgptgkBdCqFh87WJuzBa_8%22%5D&heroEntityKey=urn%3Ali%3Afsd_profile%3AACoAABT8qLUBnXxI7bgptgkBdCqFh87WJuzBa_8&keywords=george%20imafidon%20mbe&origin=CLUSTER_EXPANSION&position=0&searchId=0f5ef151-d99e-4b8c-a14b-4b1678762f1b&sid=DxW&sortBy=%22date_posted%22
George Imafidon,Male,2023-08-27,"Itâ€™s so important to schedule time in to think if you want FOCUSâ€¦I usually put in a day, weekend or week in my calendar just to THINK in an inspiring environment. All of my greatest ideas, opportunities and decisions started with days I took off to think. Weâ€™re in a time where itâ€™s so easy to get distracted, so itâ€™s even more important to prioritise thinking space! ğŸ”‘ğŸ’­ Â In typical â€˜time-offâ€™ fashion, I indulged in lots of different food - Beef Ragu with pasta made the top of my list ğŸÂ On the topic of pasta, I also caught up with David and Graihagh to chat about the future of lab-grown meats! ğŸ¥© Within the next 5 years, you might just find it on your local Nandoâ€™s menu! Would you eat it? ğŸ‘€ My second episode is now LIVE and in the comments - hope you enjoy itğŸ‘‡ğŸ¾The marathon continues ğŸ #TheKidFromPeckham #MotivezMindset #STEM #Podcast",182,20,0,https://www.linkedin.com/search/results/content/?fromMember=%5B%22ACoAABT8qLUBnXxI7bgptgkBdCqFh87WJuzBa_8%22%5D&heroEntityKey=urn%3Ali%3Afsd_profile%3AACoAABT8qLUBnXxI7bgptgkBdCqFh87WJuzBa_8&keywords=george%20imafidon%20mbe&origin=CLUSTER_EXPANSION&position=0&searchId=0f5ef151-d99e-4b8c-a14b-4b1678762f1b&sid=DxW&sortBy=%22date_posted%22
George Imafidon,Male,2023-10-27,"Inspiring the next generation of STEM!! â¤ï¸How can we stop when we see childrenâ€™s projects like this?! Iâ€™m so grateful weâ€™ve been able to impact thousands of kids to pursue STEM for years to come through Motivez. We can never underestimate the power of representation and sharing our stories. For me, this is what itâ€™s all about. What a wholesome way to start the week ğŸ™ŒğŸ¾The marathon continues ğŸ #TheKidFromPeckham #MotivezMindset #STEM #ForTheKids",175,16,1,https://www.linkedin.com/search/results/content/?fromMember=%5B%22ACoAABT8qLUBnXxI7bgptgkBdCqFh87WJuzBa_8%22%5D&heroEntityKey=urn%3Ali%3Afsd_profile%3AACoAABT8qLUBnXxI7bgptgkBdCqFh87WJuzBa_8&keywords=george%20imafidon%20mbe&origin=CLUSTER_EXPANSION&position=0&searchId=0f5ef151-d99e-4b8c-a14b-4b1678762f1b&sid=DxW&sortBy=%22date_posted%22
George Imafidon,Male,2024-01-27,"We recently ran an intimate Motivez session on â€œElevating Your Personal Brandâ€ and Goal setting with some of our Application Season Alumni! Wayne from our friends at RS Grassroots took us through â€˜The 7 Components of Personal Brandingâ€™ - Passion, Authenticy, Story Telling, Impact on Others, Role Model, Mentoring & Legacy! ğŸ™ŒğŸš€ Which components are you focussing on this year?If you want to join us for more sessions like this, we have our latest Application Season Programme launching next week! Link in first comment ğŸ”—ğŸ‘‡ğŸ¾#TheKidFromPeckham #MotivezMindset #STEM #Community",167,17,7,https://www.linkedin.com/search/results/content/?fromMember=%5B%22ACoAABT8qLUBnXxI7bgptgkBdCqFh87WJuzBa_8%22%5D&heroEntityKey=urn%3Ali%3Afsd_profile%3AACoAABT8qLUBnXxI7bgptgkBdCqFh87WJuzBa_8&keywords=george%20imafidon%20mbe&origin=CLUSTER_EXPANSION&position=0&searchId=0f5ef151-d99e-4b8c-a14b-4b1678762f1b&sid=DxW&sortBy=%22date_posted%22
George Imafidon,Male,2024-02-27,"Towards the end of last year, Motivez won the KPMG UK award and funding for the most promising not-for-profit business! ğŸš€ğŸ‰We had the opportunity to share some of our plans to drive social mobility through STEM careers when we caught up with Chief People Officer, Karl E.Weâ€™re now full-swing into the KPMG Accelerator Programme, hiring and expanding our grassroots and employability programmes across London and the UK.Looking forward to building more partnerships as we develop the pipeline ğŸ¤The marathon continues ğŸ#TheKidFromPeckham #MotivezMindset #BlackEntrepreneursAwards",166,30,6,https://www.linkedin.com/search/results/content/?fromMember=%5B%22ACoAABT8qLUBnXxI7bgptgkBdCqFh87WJuzBa_8%22%5D&heroEntityKey=urn%3Ali%3Afsd_profile%3AACoAABT8qLUBnXxI7bgptgkBdCqFh87WJuzBa_8&keywords=george%20imafidon%20mbe&origin=CLUSTER_EXPANSION&position=0&searchId=0f5ef151-d99e-4b8c-a14b-4b1678762f1b&sid=DxW&sortBy=%22date_posted%22
George Imafidon,Male,2024-04-27,"The Exam Season Programme officially SOLD OUT in 2 weeks with 160+ young people!! ğŸ‰ğŸ¤¯ This week, the Motivez team have started directly supporting them throughout this intense season of GCSE, A-Level and IB exams over the coming months and getting the 1st cohort ready for opportunities in STEM and beyond in the summer ğŸ‘ğŸ¾ One of the best feelings is creating what you wish you had! For me thatâ€™s what engineering is all about - solving problems and bringing ideas to life, whether itâ€™s for a race track or a community ğŸš€Thank you to every single of you for sharing and supporting. The need in the room was HUGE so weâ€™re excited to serve them all. The marathon continues ğŸ#TheKidFromPeckham #MotivezMindset #STEM #ForTheKids #HumanitarianEngineer",160,25,10,https://www.linkedin.com/search/results/content/?fromMember=%5B%22ACoAABT8qLUBnXxI7bgptgkBdCqFh87WJuzBa_8%22%5D&heroEntityKey=urn%3Ali%3Afsd_profile%3AACoAABT8qLUBnXxI7bgptgkBdCqFh87WJuzBa_8&keywords=george%20imafidon%20mbe&origin=CLUSTER_EXPANSION&position=0&searchId=0f5ef151-d99e-4b8c-a14b-4b1678762f1b&sid=DxW&sortBy=%22date_posted%22
George Imafidon,Male,2024-03-27,"We kicked off International Womenâ€™s Day, working with 200+ girls in Year 10 & 11 from  Notre Dame School in South London, showing them how exciting a career in STEM can be ğŸ‘©â€ğŸ’» As they join the Motivez Sustainable Southwark programme and competition for the next 4 months, weâ€™re excited to impact all these girls and help change the narrative around women in STEM ğŸš€ Weâ€™re calling on women with a STEM background, or working in the industry to commit at least 4 hours to support these girls as mentors! If youâ€™re interested, pop us a message or register your interest with the link in the comments ğŸ‘‡ğŸ¾Letâ€™s continue to inspire and empower the next generation of women in STEM! The marathon continues ğŸ #TheKidFromPeckham #IWD #NationalCareersWeek #STEM #MotivezMindset",157,12,6,https://www.linkedin.com/search/results/content/?fromMember=%5B%22ACoAABT8qLUBnXxI7bgptgkBdCqFh87WJuzBa_8%22%5D&heroEntityKey=urn%3Ali%3Afsd_profile%3AACoAABT8qLUBnXxI7bgptgkBdCqFh87WJuzBa_8&keywords=george%20imafidon%20mbe&origin=CLUSTER_EXPANSION&position=0&searchId=0f5ef151-d99e-4b8c-a14b-4b1678762f1b&sid=DxW&sortBy=%22date_posted%22
George Imafidon,Male,2023-04-27,The Motivez marketing team are something else ğŸ˜…ğŸ† Excited to kick off our Interviews & Assessment Centres session today with our friends at PwC ğŸš€ A massive thank you to the 10+ volunteers for giving up your time serve our community of young people with a timeless experience â¤ï¸See you all there ğŸ™ŒğŸ¾The marathon continues ğŸ#TheKidFromPeckham #MotivezMindset,150,3,1,https://www.linkedin.com/search/results/content/?fromMember=%5B%22ACoAABT8qLUBnXxI7bgptgkBdCqFh87WJuzBa_8%22%5D&heroEntityKey=urn%3Ali%3Afsd_profile%3AACoAABT8qLUBnXxI7bgptgkBdCqFh87WJuzBa_8&keywords=george%20imafidon%20mbe&origin=CLUSTER_EXPANSION&position=0&searchId=0f5ef151-d99e-4b8c-a14b-4b1678762f1b&sid=DxW&sortBy=%22date_posted%22
George Imafidon,Male,2024-02-27,"THAT'S A WRAP on an incredible Application Season with Motivez!! ğŸ‰Our 7th cohort SOLD-OUT with over 260+ young people - making it one of the youngest and most engaged weâ€™ve seen over the years! We've been blessed to see so many great transformations and dream jobs in STEM and beyond already secured ğŸš€We're beyond grateful for all the support and messages we've received from our community. It's clear this one was special - with some â€œwishing it could last forever!"". One of the highlights for me was The Art of Leverage & Celebration event, where we were blessed to see Mohammad Taher and Andrew Ologunebi in action ğŸ‘ğŸ¾ We couldn't have done it without our phenomenal speakers, mentors and partners like Salesforce, PwC and KPMG. Thank you for making this all possible â¤ï¸But our journey doesnâ€™t end here! We have some amazing after-care support lined up over the coming weeks to help you land those dream jobs and become changemakers ğŸš€ The marathon continues ğŸ #TheKidFromPeckham #MotivezMindset #ApplicationSeason #STEM #Jobs",147,19,9,https://www.linkedin.com/search/results/content/?fromMember=%5B%22ACoAABT8qLUBnXxI7bgptgkBdCqFh87WJuzBa_8%22%5D&heroEntityKey=urn%3Ali%3Afsd_profile%3AACoAABT8qLUBnXxI7bgptgkBdCqFh87WJuzBa_8&keywords=george%20imafidon%20mbe&origin=CLUSTER_EXPANSION&position=0&searchId=0f5ef151-d99e-4b8c-a14b-4b1678762f1b&sid=DxW&sortBy=%22date_posted%22
George Imafidon,Male,2024-01-27,"THE APPLICATION SEASON PROGRAMME IS LAUNCHING NEXT WEEK!! ğŸ™ŒğŸ¾ğŸš€70% of the places are officially gone ğŸ¤¯ The registrations are closing soon so please share this with any hungry students and young people still looking for those dreams jobs in STEM and beyond.The Motivez team have assembled the best of the best so Iâ€™m excited to announce this years incredible line-up in the coming days.The link to register is in first commentğŸ‘‡ğŸ¾ As I always say, â€œyou miss 100% of the shots you donâ€™t takeâ€ ğŸ™ğŸ¾The marathon continues ğŸ#TheKidFromPeckham #MotivezMindset #ApplicationSeason #Jobs #Internships",147,16,17,https://www.linkedin.com/search/results/content/?fromMember=%5B%22ACoAABT8qLUBnXxI7bgptgkBdCqFh87WJuzBa_8%22%5D&heroEntityKey=urn%3Ali%3Afsd_profile%3AACoAABT8qLUBnXxI7bgptgkBdCqFh87WJuzBa_8&keywords=george%20imafidon%20mbe&origin=CLUSTER_EXPANSION&position=0&searchId=0f5ef151-d99e-4b8c-a14b-4b1678762f1b&sid=DxW&sortBy=%22date_posted%22
George Imafidon,Male,2024-02-27,"Nominations for the EY Entrepreneur Of The Year 2024 UK are officially OPEN! ğŸ™ŒğŸ¾I gave a keynote speech last year, at the community retreat with some of my incredible fellow entrepreneurs. Together, we explored strategies for integrating service with entrepreneurship, and how weâ€™ve implemented these to advance the Motivez community - empowering underserved young people to thrive in STEM industries. Iron sharpens iron! ğŸš€ If youâ€™re looking to elevate as an entrepreneur, embrace new challenges and learn from the best? Start your application today (link in first comment) ğŸ‘‡ğŸ¾Nominations close on Friday, 8th March 2024 ğŸ¯ #TheKidFromPeckham #EOYUK #Entrepreneur #MotivezMindset",140,7,2,https://www.linkedin.com/search/results/content/?fromMember=%5B%22ACoAABT8qLUBnXxI7bgptgkBdCqFh87WJuzBa_8%22%5D&heroEntityKey=urn%3Ali%3Afsd_profile%3AACoAABT8qLUBnXxI7bgptgkBdCqFh87WJuzBa_8&keywords=george%20imafidon%20mbe&origin=CLUSTER_EXPANSION&position=0&searchId=0f5ef151-d99e-4b8c-a14b-4b1678762f1b&sid=DxW&sortBy=%22date_posted%22
George Imafidon,Male,2023-05-27,"WE ARE HIRING! ğŸš€ Excited to share that Motivez is expanding the team this summer ğŸ¥³If youâ€™re passionate about social impact and developing the next generation of young changemakers in STEM, weâ€™re #hiring for a few full-time roles. The first is within our programmes team:â­ï¸ Programme Manager: Youâ€™ll manage and deliver impactful programmes to empower and upskill thousands more underestimated young people and help them creatively access jobs in STEMLink to apply in the first comment ğŸ‘‡ğŸ¾Please share this with your friends and networks that are passionate about improving access to STEM opportunities ğŸ˜ŠThe marathon continues ğŸ#TheKidFromPeckham #MotivezMindset #STEM #YoungPeople #Jobs #SocialImpact",138,13,17,https://www.linkedin.com/search/results/content/?fromMember=%5B%22ACoAABT8qLUBnXxI7bgptgkBdCqFh87WJuzBa_8%22%5D&heroEntityKey=urn%3Ali%3Afsd_profile%3AACoAABT8qLUBnXxI7bgptgkBdCqFh87WJuzBa_8&keywords=george%20imafidon%20mbe&origin=CLUSTER_EXPANSION&position=0&searchId=0f5ef151-d99e-4b8c-a14b-4b1678762f1b&sid=DxW&sortBy=%22date_posted%22
George Imafidon,Male,2023-11-27,This is why we do it! â¤ï¸ğŸš€A massive thank you to all the Motivez team and mentors who make these moments possible. Results all within a matter of days ğŸ™ŒğŸ¾Excited for the Art of Leverage session hosted by our flagship sponsor PwC today ğŸ‰#TheKidFromPeckham #MotivezMindset #ApplicationSeason,135,3,2,https://www.linkedin.com/search/results/content/?fromMember=%5B%22ACoAABT8qLUBnXxI7bgptgkBdCqFh87WJuzBa_8%22%5D&heroEntityKey=urn%3Ali%3Afsd_profile%3AACoAABT8qLUBnXxI7bgptgkBdCqFh87WJuzBa_8&keywords=george%20imafidon%20mbe&origin=CLUSTER_EXPANSION&position=0&searchId=0f5ef151-d99e-4b8c-a14b-4b1678762f1b&sid=DxW&sortBy=%22date_posted%22
George Imafidon,Male,2024-02-27,"Following the success of the Prospering Peckham pilot, I'm excited to share that Motivez is growing and recruiting 20 TECHNOLOGY AND ENGINEERING MENTORS to deliver â€˜Sustainable Southwarkâ€™ to hundreds of kids! ğŸ‰ This scaled up programme and competition, supported by Royal Academy of Engineering, Salesforce, NCS - National Citizen Service Trust, will put underrepresented young people at the heart of climate action! ğŸ‰If you're looking for a purposeful adventure to use your design experience and those volunteering hours to inspire and serve the next generation of underrepresented STEAM leaders then this could be the programme for you.What youâ€™ll be doing:1ï¸âƒ£ Mentoring students to design and prototype digital solutions to local climate issues over hackathons2ï¸âƒ£ Help young people pitch their ideas to senior leaders3ï¸âƒ£ Provide careers advice and guidance for studentsRegister your interest with the link in the first comment or mention belowğŸ‘‡ğŸ¾Please share this with your networks and any organisations who may be interested.#TheKidFromPeckham #STEM #YoungPeople #Mentor #ClimateChange #Sustainability #MotivezMindset",134,14,14,https://www.linkedin.com/search/results/content/?fromMember=%5B%22ACoAABT8qLUBnXxI7bgptgkBdCqFh87WJuzBa_8%22%5D&heroEntityKey=urn%3Ali%3Afsd_profile%3AACoAABT8qLUBnXxI7bgptgkBdCqFh87WJuzBa_8&keywords=george%20imafidon%20mbe&origin=CLUSTER_EXPANSION&position=0&searchId=0f5ef151-d99e-4b8c-a14b-4b1678762f1b&sid=DxW&sortBy=%22date_posted%22
George Imafidon,Male,2023-07-27,"TODAYâ€™S THE DAY!! ğŸ¤ğŸ¤© Iâ€™ll be hosting the SOLD-OUT REflect 2023 Youth Event with 200+ young people ğŸ™ŒğŸ¾ Excited to share countless gems from some of the best in the STEM space! Weâ€™ll be covering inspirational stories from 9+ speakers in Aerospace to Tech for Good, Motorsport and Cyber ğŸš€  If youâ€™re 16-25 and interested in STEM you don't want to miss this! In-person tickets are all sold out but please join us online. For your free ONLINE ticket, use the link in the first comment ğŸ‘‡ğŸ¾ Letâ€™s go!! ğŸš€ The marathon continues ğŸ RS, Institution of Engineering and Technology (IET), Association for Black and Minority Ethnic Engineers (AFBE-UK), Motivez, Inside Success Union C.I.C  #TheKidFromPeckham #REflect2023 #STEM #YoungPeople",100,19,2,https://www.linkedin.com/search/results/content/?fromMember=%5B%22ACoAABT8qLUBnXxI7bgptgkBdCqFh87WJuzBa_8%22%5D&heroEntityKey=urn%3Ali%3Afsd_profile%3AACoAABT8qLUBnXxI7bgptgkBdCqFh87WJuzBa_8&keywords=george%20imafidon%20mbe&origin=CLUSTER_EXPANSION&position=0&searchId=0f5ef151-d99e-4b8c-a14b-4b1678762f1b&sid=DxW&sortBy=%22date_posted%22
George Imafidon,Male,2024-02-27,"A MASSIVE THANK YOU to our incredible speakersÂ Asia Sharif,Â Sophie Pender andÂ Stephen Adeoye for kicking off the Motivez Application Season programme this week with so many gems to support our 7th cohort going for their dream jobs! ğŸš€ â­ Stephen encouraged them to do the most! ""When you are operating in a saturated job market, just sending an application is never enough. Go above and beyond what you're asked to do to make you stand out."" â­ Sophie stressed that failure is essential. ""You don't have to bounce back immediately. Sit in your failure for a little bit. When you're ready, take yourself away from the emotion, face the facts and use your 'why' to bounce back""â­ Asia reminded them to not fear rejection or embarrassment. ""Show them how much you want it. Put yourself in the rooms you want to be in. Even if you're not invited, turn up!"" All of them shared invaluable tips, candid advice and some very real stories which left us all with a lot to think about ğŸ’ Looking forward to our next session on CVs and Cover Letters todayğŸ‰The marathon continues ğŸ#TheKidFromPeckham #MotivezMindset #ApplicationSeason #STEM #Jobs",91,4,3,https://www.linkedin.com/search/results/content/?fromMember=%5B%22ACoAABT8qLUBnXxI7bgptgkBdCqFh87WJuzBa_8%22%5D&heroEntityKey=urn%3Ali%3Afsd_profile%3AACoAABT8qLUBnXxI7bgptgkBdCqFh87WJuzBa_8&keywords=george%20imafidon%20mbe&origin=CLUSTER_EXPANSION&position=0&searchId=0f5ef151-d99e-4b8c-a14b-4b1678762f1b&sid=DxW&sortBy=%22date_posted%22
George Imafidon,Male,2024-04-20,"Looking forward to speaking with one of our early backers, The Fore , today ğŸ¤ Their unrestricted funding and support in 2021 was a game changer for Motivez ğŸš€ It helped us bring on our first full-time hires, grow by nearly 200% to meet demands on our grassroots and employability programmes and make a deep and meaningful impact on the STEM ecosystem with our partners.Excited to share some of the lessons weâ€™ve learnt along the way and our hopes for the future with Mary Rose Gunn ğŸ™ğŸ¾You can sign up with the link in the first comment ğŸ‘‡ğŸ¾The marathon continues ğŸ #TheKidFromPeckham #MotivezMindset #Funders",88,3,4,https://www.linkedin.com/search/results/content/?fromMember=%5B%22ACoAABT8qLUBnXxI7bgptgkBdCqFh87WJuzBa_8%22%5D&heroEntityKey=urn%3Ali%3Afsd_profile%3AACoAABT8qLUBnXxI7bgptgkBdCqFh87WJuzBa_8&keywords=george%20imafidon%20mbe&origin=CLUSTER_EXPANSION&position=0&searchId=0f5ef151-d99e-4b8c-a14b-4b1678762f1b&sid=DxW&sortBy=%22date_posted%22
George Imafidon,Male,2023-07-27,The SCORE TAKES CARE OF ITSELF when we have the right systems in place ğŸ¥… All of us want to win big and make an impact but itâ€™s long gameâ€¦Thereâ€™s a lot more opportunities when we focus more on the journey and less on the outcomes.Reflection: Are your systems serving more than just a goal? ğŸ‘€The marathon continues ğŸ #TheKidFromPeckham #MotivezMindset #ImpactInspired by: James Clear,85,8,2,https://www.linkedin.com/search/results/content/?fromMember=%5B%22ACoAABT8qLUBnXxI7bgptgkBdCqFh87WJuzBa_8%22%5D&heroEntityKey=urn%3Ali%3Afsd_profile%3AACoAABT8qLUBnXxI7bgptgkBdCqFh87WJuzBa_8&keywords=george%20imafidon%20mbe&origin=CLUSTER_EXPANSION&position=0&searchId=0f5ef151-d99e-4b8c-a14b-4b1678762f1b&sid=DxW&sortBy=%22date_posted%22
George Imafidon,Male,2024-02-27,"Weâ€™re ending Application Season with a BANG!! ğŸ’¥ â€˜The Art of Leverageâ€™ will feature some phenomenal guest speakers Andrew Ologunebi and Mohammad Taher! ğŸ¤©ğŸŒŸ Drew is the Co-founder and CEO of Lottielab, a motion design software used by the likes of OpenAI and Google. They recently raised $4 million to upgrade the GIF with its next-generation animation. As one of the Forbes 30u30â€™s, heâ€™s blazing a trail in technology and entrepreneurship and will be gracing the Motivez stage tonight!ğŸŒŸ Mo is officially â€œThe Airport Guyâ€ known for his captivating educational videos that have inspired millions online. He blew us away last year with his storytelling and insights, so weâ€™re super excited to introduce him as one of our speakers again. As an engineer, TEDx speaker and Aviation Ambassador for UK Government, heâ€™ll be covering what it looks like to craft your own path! Join us tonight IN-PERSON & ONLINE to learn about unconventional and creative ways to secure your dream job beyond the standard application forms and grab your FREE portrait for you to upgrade your professional profiles, portfolios and much more! ğŸ“¸Only a few hours left to RSVP â°ğŸ‘‡ğŸ¾#TheKidFromPeckham #ApplicationSeason #CareerDevelopment #MotivezMindset #STEM",71,6,3,https://www.linkedin.com/search/results/content/?fromMember=%5B%22ACoAABT8qLUBnXxI7bgptgkBdCqFh87WJuzBa_8%22%5D&heroEntityKey=urn%3Ali%3Afsd_profile%3AACoAABT8qLUBnXxI7bgptgkBdCqFh87WJuzBa_8&keywords=george%20imafidon%20mbe&origin=CLUSTER_EXPANSION&position=0&searchId=0f5ef151-d99e-4b8c-a14b-4b1678762f1b&sid=DxW&sortBy=%22date_posted%22
George Imafidon,Male,2023-07-27,"Excited to be co-hosting tonightâ€™s session on â€œHow to Convert Your Internshipâ€! ğŸš€ If you know a student thatâ€™s recently started an internship, placement or job and looking to convert it for follow-on internships, full-time offers, corporate-funded scholarships, mentorship etc., hereâ€™s the final chance to tell them to join the virtual Motivez Meetup at 6:30PM TODAY ğŸŸï¸ Iâ€™ll be joined by Motivez Ambassador, Adedoyin Adeyanju, to share everything weâ€™ve done over the years and more to leverage these opportunities ğŸ‘ŒğŸ¾  Register with the link in the first comment ğŸ‘‡ğŸ¾#TheKidFromPeckham #MotivezMindset #Internships #Jobs",38,10,0,https://www.linkedin.com/search/results/content/?fromMember=%5B%22ACoAABT8qLUBnXxI7bgptgkBdCqFh87WJuzBa_8%22%5D&heroEntityKey=urn%3Ali%3Afsd_profile%3AACoAABT8qLUBnXxI7bgptgkBdCqFh87WJuzBa_8&keywords=george%20imafidon%20mbe&origin=CLUSTER_EXPANSION&position=0&searchId=0f5ef151-d99e-4b8c-a14b-4b1678762f1b&sid=DxW&sortBy=%22date_posted%22
